ประเภท,บลจ.,รหัสกองทุน,ชื่อกองทุน,กลุ่ม AIMC,AIMC category (EN),ระดับความเสี่ยง,NAV,วันที่ NAV,YTD %,1Y %,3Y % ต่อปี,5Y % ต่อปี,10Y % ต่อปี,Mgmt fee สูงสุด (% ต่อปี),Mgmt fee เก็บจริง (% ต่อปี),TER สูงสุด (% ต่อปี),TER เก็บจริง (% ต่อปี),Front-end สูงสุด %,Front-end เก็บจริง %,Back-end สูงสุด %,Back-end เก็บจริง %,Fund factsheet
RMF,DAOL,DAOL-GOLDRMF,กองทุนเปิด ดาโอ โกลด์ แอนด์ ซิลเวอร์ อิควิตี้ เพื่อการเลี้ยงชีพ,หุ้นทั่วโลก - กลุ่มอุตสาหกรรมอื่นๆ,Other Global Sector Equity,,17.1864,2026-10-01,-7.65461,13.53001,44.51897,17.81127,,2.675,1.605,6.42,2.11,2.14,0.0,2.14,0.0,https://secdocumentstorage.blob.core.windows.net/fundfactsheet/M0370_2563.pdf
RMF,ASP,ASP-DIGIBLOCRMF,กองทุนเปิด แอสเซทพลัส ดิจิทัล บล็อกเชน เพื่อการเลี้ยงชีพ,หุ้นกลุ่มเทคโนโลยี,Technology Equity,,12.3772,2026-10-01,13.83846,-11.25165,42.8322,,,2.0,1.61,4.49,3.09,,,,,https://secdocumentstorage.blob.core.windows.net/fundfactsheet/M0497_2564.pdf
RMF,KSAM,KFGTECHRMF,กองทุนเปิดกรุงศรีโกลบอลเทคโนโลยีอิควิตี้เพื่อการเลี้ยงชีพ,หุ้นกลุ่มเทคโนโลยี,Technology Equity,,25.1397,2026-10-01,38.72399,39.97606,33.78902,5.01366,,2.14,1.34,4.65,1.53,2.0,0.0,2.0,0.0,https://secdocumentstorage.blob.core.windows.net/fundfactsheet/M0488_2560.pdf
RMF,KKPAM,KKP TECH RMF-H,กองทุนเปิดเคเคพี EXPANDED TECH เพื่อการเลี้ยงชีพ - HEDGED,หุ้นกลุ่มเทคโนโลยี,Technology Equity,,19.9599,2026-10-01,26.96411,29.25555,33.63755,,,2.68,0.32,4.82,0.48,2.0,0.0,2.0,0.0,https://secdocumentstorage.blob.core.windows.net/fundfactsheet/M0463_2564.pdf
RMF,TISCOAM,TNEXTGENRMF-A,กองทุนเปิด ทิสโก้ Next Generation Internet เพื่อการเลี้ยงชีพ ชนิดผู้ลงทุนทั่วไป,หุ้นกลุ่มเทคโนโลยี,Technology Equity,,11.1699,2026-10-01,6.52711,-1.37389,33.54145,,,3.0,1.07,5.0,1.35,2.5,0.0,2.5,0.0,https://secdocumentstorage.blob.core.windows.net/fundfactsheet/M0459_2564.pdf
RMF,TISCOAM,TNEXTGENRMF-P,กองทุนเปิด ทิสโก้ Next Generation Internet เพื่อการเลี้ยงชีพ ชนิดรองรับกองทุนสำรองเลี้ยงชีพ,หุ้นกลุ่มเทคโนโลยี,Technology Equity,,11.1536,2026-10-01,6.51794,-1.38198,33.47646,,,3.0,1.07,5.0,1.35,2.5,0.0,2.5,0.0,https://secdocumentstorage.blob.core.windows.net/fundfactsheet/M0459_2564.pdf
RMF,TISCOAM,TTECHRMF-A,กองทุนเปิด ทิสโก้ เทคโนโลยี อิควิตี้ เพื่อการเลี้ยงชีพ ชนิดผู้ลงทุนทั่วไป,หุ้นกลุ่มเทคโนโลยี,Technology Equity,,25.631,2026-10-01,27.21741,29.17353,32.56289,15.25352,,3.0,1.07,5.0,1.29,2.5,0.0,2.5,0.0,https://secdocumentstorage.blob.core.windows.net/fundfactsheet/M0409_2563.pdf
RMF,TISCOAM,TTECHRMF-P,กองทุนเปิด ทิสโก้ เทคโนโลยี อิควิตี้ เพื่อการเลี้ยงชีพ ชนิดรองรับกองทุนสำรองเลี้ยงชีพ,หุ้นกลุ่มเทคโนโลยี,Technology Equity,,25.6185,2026-10-01,27.20272,29.15871,32.54857,15.243,,3.0,1.07,5.0,1.29,2.5,0.0,2.5,0.0,https://secdocumentstorage.blob.core.windows.net/fundfactsheet/M0409_2563.pdf
RMF,SCBAM,SCBRMJP,กองทุนเปิดไทยพาณิชย์ หุ้นญี่ปุ่น เพื่อการเลี้ยงชีพ,หุ้นญี่ปุ่น,Japan Equity,4,35.9522,2026-10-02,36.0244,50.40559,29.2677,19.35375,15.44522,1.07,0.75,2.36,0.85,3.21,0.0,3.21,0.0,https://secdocumentstorage.blob.core.windows.net/fundfactsheet/M0511_2558.pdf
RMF,ASP,ASP-AIEQRMF,กองทุนเปิด แอสเซทพลัส โรโบติกส์ เพื่อการเลี้ยงชีพ,หุ้นกลุ่มเทคโนโลยี,Technology Equity,,19.7776,2026-10-01,48.14016,55.25725,28.45834,6.28498,,2.0,1.61,4.49,2.96,,,,,https://secdocumentstorage.blob.core.windows.net/fundfactsheet/M0542_2560.pdf
RMF,TISCOAM,TJPRMF-A,กองทุนเปิด ทิสโก้ เจแปน อิควิตี้ เพื่อการเลี้ยงชีพ ชนิดผู้ลงทุนทั่วไป,หุ้นญี่ปุ่น,Japan Equity,4,39.4102,2026-10-02,35.0284,49.2952,28.13272,18.08301,14.59059,2.68,1.07,3.75,1.47,1.5,0.0,1.5,0.0,https://secdocumentstorage.blob.core.windows.net/fundfactsheet/M0690_2556.pdf
RMF,EASTSPRING,ES-JERMF,กองทุนเปิดอีสท์สปริง Japan Equity เพื่อการเลี้ยงชีพ,หุ้นญี่ปุ่น,Japan Equity,4,31.5647,2026-10-02,34.71686,49.561,28.07041,18.05725,14.61911,2.14,1.6,2.51,2.05,,,,,https://secdocumentstorage.blob.core.windows.net/fundfactsheet/M0329_2558.pdf
RMF,SCBAM,SCBRMDIGI(A),กองทุนเปิดไทยพาณิชย์ โกลบอลดิจิตอล เพื่อการเลี้ยงชีพ (ชนิดสะสมมูลค่า),หุ้นกลุ่มเทคโนโลยี,Technology Equity,,23.2892,2026-09-30,25.07693,29.30327,25.35162,,,1.61,1.07,2.9,1.18,3.21,0.0,3.21,0.0,https://secdocumentstorage.blob.core.windows.net/fundfactsheet/M0457_2565.pdf
RMF,EASTSPRING,ES-GOLDRMF-UH,กองทุนเปิดอีสท์สปริง ทองคำแท่งเพื่อการเลี้ยงชีพ-UH,สินค้าโภคภัณฑ์ประเภทโลหะมีค่า,Commodities Precious Metals,5,24.8963,2026-10-02,1.26663,10.65416,25.28106,17.34779,10.30509,1.6,1.1,2.67,1.18,3.21,0.0,3.21,0.0,https://secdocumentstorage.blob.core.windows.net/fundfactsheet/M0222_2554.pdf
RMF,SCBAM,SCBGOLDHRMF,กองทุนเปิดไทยพาณิชย์โกลด์ THB เฮดจ์ เพื่อการเลี้ยงชีพ,สินค้าโภคภัณฑ์ประเภทโลหะมีค่า,Commodities Precious Metals,5,18.0889,2026-10-02,-7.51765,2.74748,25.12898,13.86629,8.58192,1.07,0.54,2.09,0.64,0.54,0.0,0.54,0.0,https://secdocumentstorage.blob.core.windows.net/fundfactsheet/M0778_2554.pdf
RMF,BBLAM,BGOLDRMF,กองทุนเปิดบัวหลวงโกลด์เพื่อการเลี้ยงชีพ,สินค้าโภคภัณฑ์ประเภทโลหะมีค่า,Commodities Precious Metals,5,28.53,2026-10-02,1.17703,10.32312,24.90331,16.95304,10.14663,1.07,0.54,2.94,0.73,0.0,0.0,1.0,0.0,https://secdocumentstorage.blob.core.windows.net/fundfactsheet/M0116_2553.pdf
RMF,UOBAM,UOBGRMF-H,กองทุนเปิด ยูโอบี โกลด์ เพื่อการเลี้ยงชีพ - H,สินค้าโภคภัณฑ์ประเภทโลหะมีค่า,Commodities Precious Metals,5,18.1676,2026-10-02,-8.03962,2.21505,24.75951,13.31512,8.13441,1.61,0.43,2.33,0.53,2.0,0.0,2.0,0.0,https://secdocumentstorage.blob.core.windows.net/fundfactsheet/M0815_2554.pdf
RMF,TISCOAM,TGOLDRMF-A,กองทุนเปิด ทิสโก้ โกลด์ เพื่อการเลี้ยงชีพ,สินค้าโภคภัณฑ์ประเภทโลหะมีค่า,Commodities Precious Metals,5,16.7688,2026-10-02,-5.58374,5.01963,24.62623,14.45165,8.43206,2.14,1.07,3.75,1.38,1.5,0.0,1.5,0.0,https://secdocumentstorage.blob.core.windows.net/fundfactsheet/M0819_2554.pdf
RMF,KASSET,K-GDRMF,กองทุนเปิดเค โกลด์เพื่อการเลี้ยงชีพ,สินค้าโภคภัณฑ์ประเภทโลหะมีค่า,Commodities Precious Metals,5,27.4216,2026-10-02,-8.04817,1.97656,24.61846,13.80097,8.73582,1.6,0.86,2.41,0.98,,,2.0,0.0,https://secdocumentstorage.blob.core.windows.net/fundfactsheet/M0714_2552.pdf
RMF,EASTSPRING,ES-GOLDSRMF,กองทุนเปิดอีสท์สปริง Gold Singapore เพื่อการเลี้ยงชีพ,สินค้าโภคภัณฑ์ประเภทโลหะมีค่า,Commodities Precious Metals,5,21.1145,2026-10-02,-7.88262,2.30141,24.27434,13.08956,8.04194,1.6,0.85,1.97,1.36,,,,,https://secdocumentstorage.blob.core.windows.net/fundfactsheet/M1034_2553.pdf
RMF,ONEAM,GOLD-RMF-A,กองทุนเปิดวรรณโกลด์ เพื่อการเลี้ยงชีพ หน่วยลงทุนชนิดทั่วไป,สินค้าโภคภัณฑ์ประเภทโลหะมีค่า,Commodities Precious Metals,5,22.7852,2026-10-02,-6.56021,3.66427,24.23204,13.35752,7.66369,2.48,0.97,6.42,1.11,2.14,0.0,2.14,0.25,https://secdocumentstorage.blob.core.windows.net/fundfactsheet/M0093_2553.pdf
RMF,ONEAM,GOLD-RMF-P,กองทุนเปิดวรรณโกลด์ เพื่อการเลี้ยงชีพ ชนิดสำหรับรับโอนจากกองทุนสำรองเลี้ยงชีพ,สินค้าโภคภัณฑ์ประเภทโลหะมีค่า,Commodities Precious Metals,5,22.7823,2026-10-02,-6.5652,3.65627,24.22851,13.35463,,2.48,1.07,6.42,1.21,2.14,0.0,2.14,0.25,https://secdocumentstorage.blob.core.windows.net/fundfactsheet/M0093_2553.pdf
RMF,MFC,I-GOLDRMF,กองทุนเปิดเอ็มเอฟซี อินเตอร์เนชั่นแนล โกลด์ เพื่อการเลี้ยงชีพ,สินค้าโภคภัณฑ์ประเภทโลหะมีค่า,Commodities Precious Metals,5,24.0082,2026-10-02,-5.95125,4.72269,24.22497,14.31919,8.31333,1.6,1.6,2.85,1.93,1.0,0.5,1.0,0.0,https://secdocumentstorage.blob.core.windows.net/fundfactsheet/M0286_2553.pdf
RMF,EASTSPRING,ES-GINNORMF,กองทุนเปิดอีสท์สปริง Global Innovation เพื่อการเลี้ยงชีพ,หุ้นทั่วโลก,Global Equity,4,7.2342,2026-10-01,10.92847,2.03817,24.20705,-7.49529,,2.14,1.6,3.74,1.78,,,,,https://secdocumentstorage.blob.core.windows.net/fundfactsheet/M0140_2564.pdf
RMF,KSAM,KFGOLDRMF,กองทุนเปิดกรุงศรีโกลด์เพื่อการเลี้ยงชีพ,สินค้าโภคภัณฑ์ประเภทโลหะมีค่า,Commodities Precious Metals,5,24.0446,2026-10-02,-8.88366,1.18844,24.09217,13.01844,6.56297,1.6,0.96,1.93,1.16,0.0,0.0,0.0,0.0,https://secdocumentstorage.blob.core.windows.net/fundfactsheet/M0386_2552.pdf
RMF,KTAM,KT-GOLD RMF,กองทุนเปิดเคแทม โกลด์ เพื่อการเลี้ยงชีพ,สินค้าโภคภัณฑ์ประเภทโลหะมีค่า,Commodities Precious Metals,5,21.4951,2026-10-02,-6.25979,3.00064,23.87559,13.18763,8.26517,1.61,1.07,3.21,1.35,0.5,0.0,0.5,0.0,https://secdocumentstorage.blob.core.windows.net/fundfactsheet/M0652_2553.pdf
RMF,EASTSPRING,ES-GOLDRMF-H,กองทุนเปิดอีสท์สปริง ทองคำแท่งเพื่อการเลี้ยงชีพ-H,สินค้าโภคภัณฑ์ประเภทโลหะมีค่า,Commodities Precious Metals,5,20.0145,2026-10-02,-8.00342,2.33094,23.79531,13.60431,8.51769,1.6,1.17,2.67,1.26,3.21,0.0,3.21,0.0,https://secdocumentstorage.blob.core.windows.net/fundfactsheet/M0221_2554.pdf
RMF,KSAM,KFJAPANRMF,กองทุนเปิดกรุงศรีเจแปนเพื่อการเลี้ยงชีพ,หุ้นญี่ปุ่น,Japan Equity,4,21.1108,2026-10-01,14.07975,18.24195,23.09519,10.12858,9.92705,2.14,1.34,4.65,1.55,2.0,0.0,2.0,0.0,https://secdocumentstorage.blob.core.windows.net/fundfactsheet/M0620_2558.pdf
RMF,SCBAM,SCBRMNDQ(A),กองทุนเปิดไทยพาณิชย์ หุ้นยูเอส เอ็นดีคิว เพื่อการเลี้ยงชีพ (ชนิดสะสมมูลค่า),หุ้นสหรัฐฯ,US Equity,4,17.4396,2026-10-01,16.96501,18.9507,22.52101,,,1.07,0.75,2.36,0.85,3.21,0.0,3.21,0.0,https://secdocumentstorage.blob.core.windows.net/fundfactsheet/M0547_2564.pdf
RMF,BBLAM,B-INNOTECHRMF,กองทุนเปิดบัวหลวงโกลบอลอินโนเวชั่นและเทคโนโลยีเพื่อการเลี้ยงชีพ,หุ้นกลุ่มเทคโนโลยี,Technology Equity,,35.5367,2026-09-30,16.9509,18.53667,20.14527,10.96635,,1.07,1.07,2.41,1.25,1.0,0.0,1.0,0.0,https://secdocumentstorage.blob.core.windows.net/fundfactsheet/M0213_2561.pdf
RMF,SCBAM,SCBRMUSA(A),กองทุนเปิดไทยพาณิชย์ หุ้นยูเอส แอคทีฟ เพื่อการเลี้ยงชีพ ชนิดสะสมมูลค่า,หุ้นสหรัฐฯ,US Equity,4,18.7042,2026-10-01,-3.88386,-11.80176,19.17621,,,1.61,1.2,2.9,1.32,3.21,0.0,3.21,0.0,https://secdocumentstorage.blob.core.windows.net/fundfactsheet/M0049_2565.pdf
RMF,EASTSPRING,ES-EAERMF,กองทุนเปิดอีสท์สปริง Emerging Active Equity เพื่อการเลี้ยงชีพ,หุ้นตลาดเกิดใหม่,Emerging Market,4,9.4734,2026-10-01,29.95062,36.652,18.97998,3.51856,,2.14,1.6,2.51,1.78,,,,,https://secdocumentstorage.blob.core.windows.net/fundfactsheet/M0648_2560.pdf
RMF,TALISAM,MEGA10RMF,กองทุนเปิด MEGA 10 เพื่อการเลี้ยงชีพ,หุ้นสหรัฐฯ,US Equity,4,23.8913,2026-10-01,13.51134,8.15045,18.75471,,,1.61,1.61,2.38,1.76,1.5,0.0,1.5,0.0,https://secdocumentstorage.blob.core.windows.net/fundfactsheet/M0619_2565.pdf
RMF,EASTSPRING,ES-ASIARMF,กองทุนเปิดอีสท์สปริง Asia Active Equity เพื่อการเลี้ยงชีพ,หุ้นเอเซีย แปซิฟิค ยกเว้นญี่ปุ่น,Asia Pacific Ex Japan,4,17.8302,2026-10-01,22.52075,24.38749,17.92472,4.05434,5.37613,2.14,1.6,2.51,1.83,,,,,https://secdocumentstorage.blob.core.windows.net/fundfactsheet/M0327_2558.pdf
RMF,SCBAM,SCBRMJAPAN(A),กองทุนเปิดไทยพาณิชย์ หุ้นญี่ปุ่น แอคทีฟ เพื่อการเลี้ยงชีพ,หุ้นญี่ปุ่น,Japan Equity,4,18.4106,2026-10-01,20.10386,23.24758,17.46106,,,1.61,1.2,2.9,1.34,3.21,0.0,3.21,0.0,https://secdocumentstorage.blob.core.windows.net/fundfactsheet/M0374_2565.pdf
RMF,SCBAM,SCBRMS&P500,กองทุนเปิดไทยพาณิชย์หุ้นยูเอส เพื่อการเลี้ยงชีพ,หุ้นสหรัฐฯ,US Equity,4,22.8404,2026-10-01,9.30513,11.27654,17.43244,9.11342,,1.07,0.75,2.36,0.85,3.21,0.0,3.21,0.0,https://secdocumentstorage.blob.core.windows.net/fundfactsheet/M0426_2562.pdf
RMF,TISCOAM,TAPRMF,กองทุนเปิดทิสโก้ เอเชีย แปซิฟิก เอ็กซ์ เจแปน เพื่อการเลี้ยงชีพ,หุ้นเอเซีย แปซิฟิค ยกเว้นญี่ปุ่น,Asia Pacific Ex Japan,4,15.1818,2026-10-01,17.95262,19.77562,17.03567,3.71504,4.29683,2.14,1.07,3.75,0.89,1.5,0.0,1.5,0.0,https://secdocumentstorage.blob.core.windows.net/fundfactsheet/M0648_2552.pdf
RMF,KTAM,KT-WTAI RMF,กองทุนเปิดเคแทม เวิลด์ เทคโนโลยี อาร์ทิฟิเชียล อินเทลลิเจนซ์ อิควิตี้ เพื่อการเลี้ยงชีพ,หุ้นกลุ่มเทคโนโลยี,Technology Equity,,10.7947,2026-10-01,15.71867,18.26309,16.92712,,,2.14,1.34,5.35,1.35,3.21,0.0,3.21,0.0,https://secdocumentstorage.blob.core.windows.net/fundfactsheet/M0443_2564.pdf
RMF,UOBAM,UJSMRMF,กองทุนเปิด ยูไนเต็ด เจแปน สมอล แอนด์ มิด แคป ฟันด์ เพื่อการเลี้ยงชีพ,หุ้นญี่ปุ่น,Japan Equity,4,17.9539,2026-10-01,14.32765,22.08471,16.90719,9.71287,,2.14,1.61,5.35,1.93,2.0,0.0,2.0,0.0,https://secdocumentstorage.blob.core.windows.net/fundfactsheet/M0165_2562.pdf
RMF,TISCOAM,TUSRMF-A,กองทุนเปิด ทิสโก้ ยูเอส อิควิตี้ เพื่อการเลี้ยงชีพ ชนิดผู้ลงทุนทั่วไป,หุ้นสหรัฐฯ,US Equity,4,32.493,2026-10-01,8.989,10.67852,16.85534,8.49309,10.78668,2.68,1.07,3.75,1.32,1.5,0.0,1.5,0.0,https://secdocumentstorage.blob.core.windows.net/fundfactsheet/M0696_2556.pdf
RMF,TISCOAM,TUSRMF-P,กองทุนเปิด ทิสโก้ ยูเอส อิควิตี้ เพื่อการเลี้ยงชีพ ชนิดรองรับกองทุนสำรองเลี้ยงชีพ,หุ้นสหรัฐฯ,US Equity,4,32.4905,2026-10-01,8.98683,10.67641,16.85254,,,2.68,1.07,3.75,1.32,1.5,0.0,1.5,0.0,https://secdocumentstorage.blob.core.windows.net/fundfactsheet/M0696_2556.pdf
RMF,KKPAM,KKP PGE RMF-H,กองทุนเปิดเคเคพี พาสซีฟ โกลบอล อิควิตี้ เพื่อการเลี้ยงชีพ เฮดจ์,หุ้นทั่วโลก - ป้องกันความเสี่ยงอัตราแลกเปลี่ยนเต็มที่,Global Equity Fully FX Risk Hedge,,13.6238,2026-10-01,8.86847,11.18202,16.51438,,,2.68,0.54,4.82,0.7,2.0,0.0,2.0,0.0,https://secdocumentstorage.blob.core.windows.net/fundfactsheet/M0400_2564.pdf
RMF,KASSET,K-JPRMF,กองทุนเปิดเค เจแปน หุ้นทุนเพื่อการเลี้ยงชีพ,หุ้นญี่ปุ่น,Japan Equity,4,26.3134,2026-10-01,21.22527,29.89268,16.49405,11.44534,10.42669,2.68,1.6,4.01,1.74,,,3.0,0.0,https://secdocumentstorage.blob.core.windows.net/fundfactsheet/M0608_2557.pdf
RMF,EASTSPRING,ES-US500RMF,กองทุนเปิดอีสท์สปริง US500 เพื่อการเลี้ยงชีพ,หุ้นสหรัฐฯ,US Equity,4,41.7148,2026-10-01,8.63427,10.40861,16.34523,8.21483,10.71794,1.71,1.6,2.08,1.8,,,,,https://secdocumentstorage.blob.core.windows.net/fundfactsheet/M0989_2555.pdf
RMF,TISCOAM,THDRMF-A,กองทุนเปิด ทิสโก้ ไฮ ดิวิเดนด์ หุ้นทุน เพื่อการเลี้ยงชีพ ชนิดผู้ลงทุนทั่วไป,หุ้นไทยขนาดใหญ่,Equity Large Cap,4,27.3262,2026-10-02,31.84503,33.11088,16.27168,11.12799,8.81846,2.14,1.61,2.68,1.84,1.5,0.0,1.5,0.0,https://secdocumentstorage.blob.core.windows.net/fundfactsheet/M0796_2555.pdf
RMF,SCBAM,SCBRMWORLD(A),กองทุนเปิดไทยพาณิชย์ ดัชนีหุ้นโลก เพื่อการเลี้ยงชีพ ชนิดสะสมมูลค่า,หุ้นทั่วโลก - ป้องกันความเสี่ยงอัตราแลกเปลี่ยนเต็มที่,Global Equity Fully FX Risk Hedge,,16.2467,2026-10-01,7.86621,10.02628,16.04561,,,1.07,0.75,2.36,0.85,3.21,0.0,3.21,0.0,https://secdocumentstorage.blob.core.windows.net/fundfactsheet/M0317_2565.pdf
RMF,MFC,MGFRMF,กองทุนเปิดเอ็มเอฟซี โกลบอล โฟกัส เพื่อการเลี้ยงชีพ,หุ้นทั่วโลก,Global Equity,4,15.0449,2026-10-01,11.71015,12.60394,16.04266,5.31488,,1.6,1.6,2.85,1.93,1.0,0.5,1.0,0.0,https://secdocumentstorage.blob.core.windows.net/fundfactsheet/M0550_2563.pdf
RMF,EASTSPRING,ES-EGRMF,กองทุนเปิดอีสท์สปริง European Growth เพื่อการเลี้ยงชีพ,หุ้นยุโรป,European Equity,4,23.7738,2026-10-01,0.17233,3.60986,15.41659,10.11041,9.51218,2.14,1.6,2.51,1.85,,,,,https://secdocumentstorage.blob.core.windows.net/fundfactsheet/M0253_2557.pdf
RMF,BBLAM,B-ASIARMF,กองทุนเปิดบัวหลวงหุ้นเอเชียเพื่อการเลี้ยงชีพ,หุ้นเอเซีย แปซิฟิค ยกเว้นญี่ปุ่น,Asia Pacific Ex Japan,4,17.1373,2026-10-01,16.7749,20.01162,15.29079,6.21433,,1.61,1.42,2.94,1.63,1.0,0.0,1.0,0.0,https://secdocumentstorage.blob.core.windows.net/fundfactsheet/M0197_2561.pdf
RMF,BBLAM,B-USALPHARMF,กองทุนเปิดบัวหลวงยูเอสอัลฟ่าเพื่อการเลี้ยงชีพ,หุ้นสหรัฐฯ,US Equity,4,12.8091,2026-09-30,5.88046,3.76278,15.25412,,,2.14,1.34,3.48,1.46,1.0,0.0,1.0,0.0,https://secdocumentstorage.blob.core.windows.net/fundfactsheet/M0416_2564.pdf
RMF,EASTSPRING,ES-GLOBALEQRMF,กองทุนเปิดอีสท์สปริง Global Equity เพื่อการเลี้ยงชีพ,หุ้นทั่วโลก,Global Equity,4,21.4552,2026-10-01,3.11976,4.50759,14.74338,2.95137,8.12777,2.14,1.6,5.35,1.78,3.21,0.0,3.21,0.0,https://secdocumentstorage.blob.core.windows.net/fundfactsheet/M0681_2556.pdf
RMF,abrdn,ABAPAC-RMF,กองทุนเปิด อเบอร์ดีน เอเชีย แปซิฟิค เอคควิตี้ เพื่อการเลี้ยงชีพ,หุ้นเอเซีย แปซิฟิค ยกเว้นญี่ปุ่น,Asia Pacific Ex Japan,4,19.1777,2026-10-01,22.00641,26.41692,14.58155,0.46122,4.47275,1.87,1.87,2.68,2.04,3.0,0.0,1.0,1.0,https://secdocumentstorage.blob.core.windows.net/fundfactsheet/M0774_2554.pdf
RMF,BBLAM,B-GTORMF,กองทุนเปิดบัวหลวงโกลบอลธีมเมติกออพพอร์ทูนิตี้เพื่อการเลี้ยงชีพ,หุ้นทั่วโลก,Global Equity,4,11.7405,2026-09-30,12.05119,13.95003,14.49189,1.43816,,1.07,1.07,2.41,1.21,1.0,0.0,1.0,0.0,https://secdocumentstorage.blob.core.windows.net/fundfactsheet/M0082_2564.pdf
RMF,BBLAM,B-GLOBALRMF,กองทุนเปิดบัวหลวงหุ้นโกลบอลเพื่อการเลี้ยงชีพ,หุ้นทั่วโลก,Global Equity,4,21.2638,2026-09-30,8.04282,9.97285,14.30465,5.84822,8.13587,1.61,1.07,2.94,1.26,1.5,0.0,1.0,0.0,https://secdocumentstorage.blob.core.windows.net/fundfactsheet/M0495_2558.pdf
RMF,PRINCIPAL,PRINCIPAL APDIRMF,กองทุนเปิดพรินซิเพิล เอเชีย แปซิฟิก ไดนามิก อินคัม อิควิตี้เพื่อการเลี้ยงชีพ,หุ้นเอเซีย แปซิฟิค ยกเว้นญี่ปุ่น,Asia Pacific Ex Japan,4,16.2768,2026-10-01,20.29177,20.02124,14.17302,1.98202,4.48424,1.61,1.604,5.35,2.194,1.07,0.0,1.07,0.0,https://secdocumentstorage.blob.core.windows.net/fundfactsheet/M1142_2557.pdf
RMF,EASTSPRING,ES-STARTECHRMF,กองทุนเปิดอีสท์สปริง Star50 Chinese Technology เพื่อการเลี้ยงชีพ,หุ้นกลุ่มเทคโนโลยี,Technology Equity,,7.268,2026-09-30,12.84137,2.83693,13.48486,,,2.14,1.07,3.74,1.24,,,,,https://secdocumentstorage.blob.core.windows.net/fundfactsheet/M0367_2564.pdf
RMF,EASTSPRING,ES-GQGRMF,กองทุนเปิดอีสท์สปริง Global Quality Growth เพื่อการเลี้ยงชีพ,หุ้นทั่วโลก,Global Equity,4,23.0135,2026-10-01,3.2176,5.76981,13.40796,3.39663,8.57891,2.14,1.6,2.51,1.83,,,,,https://secdocumentstorage.blob.core.windows.net/fundfactsheet/M0330_2558.pdf
RMF,KKPAM,KKP GNP RMF-UH,กองทุนเปิดเคเคพี โกลบอล นิว เพอร์สเปกทีฟ เพื่อการเลี้ยงชีพ อันเฮดจ์,หุ้นทั่วโลก,Global Equity,4,23.4403,2026-10-01,11.33207,10.53408,13.21061,5.87572,,2.68,1.61,4.82,1.75,2.0,0.0,2.0,0.0,https://secdocumentstorage.blob.core.windows.net/fundfactsheet/M0369_2561.pdf
RMF,PHILLIP,PWINRMF,กองทุนเปิดฟิลลิปเวิลด์อินโนเวชั่นเพื่อการเลี้ยงชีพ,หุ้นทั่วโลก,Global Equity,4,14.5265,2026-10-01,24.14539,23.14663,12.94576,3.57382,,2.14,1.866,3.95,2.003,0.535,0.0,0.0,0.0,https://secdocumentstorage.blob.core.windows.net/fundfactsheet/M0382_2563.pdf
RMF,UOBAM,UNIRMF,กองทุนเปิด ยูไนเต็ด โกลบอล อินโนเวชั่น ฟันด์ เพื่อการเลี้ยงชีพ,หุ้นทั่วโลก,Global Equity,4,9.5176,2026-10-01,7.3797,9.45432,12.92627,-1.05866,,2.14,1.61,5.35,2.0,2.0,0.0,2.0,0.0,https://secdocumentstorage.blob.core.windows.net/fundfactsheet/M0169_2564.pdf
RMF,KASSET,K-2040RMF,กองทุนเปิดเค ทาร์เก็ต รีไทร์เมนต์ 2040 เพื่อการเลี้ยงชีพ,กองทุนรวมแบบผสมลงทุนต่างประเทศ,Foreign Investment Allocation,4,13.0826,2026-10-01,5.22311,7.00726,12.8409,3.95855,,3.21,1.07,4.87,1.16,,,2.0,0.0,https://secdocumentstorage.blob.core.windows.net/fundfactsheet/M0545_2563.pdf
RMF,BBLAM,B-FUTURERMF,กองทุนเปิดบัวหลวงหุ้นฟิวเจอร์เพื่อการเลี้ยงชีพ,หุ้นทั่วโลก,Global Equity,4,9.8802,2026-09-30,13.7263,8.79959,12.65704,-1.66196,,2.14,1.61,3.21,1.82,1.0,0.0,1.0,0.0,https://secdocumentstorage.blob.core.windows.net/fundfactsheet/M0112_2564.pdf
RMF,SCBAM,SCBRMGWP,กองทุนเปิดไทยพาณิชย์ โกลบอล เวลท์ พลัส เพื่อการเลี้ยงชีพ,กองทุนรวมแบบผสมลงทุนต่างประเทศ,Foreign Investment Allocation,4,14.6403,2026-09-30,10.35208,12.75039,12.6545,3.68273,4.27565,1.61,1.07,2.89,1.21,0.54,0.0,,,https://secdocumentstorage.blob.core.windows.net/fundfactsheet/M0935_2554.pdf
RMF,KKPAM,KKP GNP RMF-H,กองทุนเปิดเคเคพี โกลบอล นิว เพอร์สเปกทีฟ เพื่อการเลี้ยงชีพ เฮดจ์,หุ้นทั่วโลก - ป้องกันความเสี่ยงอัตราแลกเปลี่ยนเต็มที่,Global Equity Fully FX Risk Hedge,,19.3829,2026-10-01,1.82234,2.72624,12.32377,2.69189,,2.68,1.61,4.82,1.75,2.0,0.0,2.0,0.0,https://secdocumentstorage.blob.core.windows.net/fundfactsheet/M0366_2561.pdf
RMF,LHFUND,LHGEQRMF,กองทุนเปิด แอล เอช โกลบอล อิควิตี้ เพื่อการเลี้ยงชีพ,หุ้นทั่วโลก,Global Equity,4,13.4756,2026-10-01,5.97441,9.79517,12.23555,0.86407,,2.5,1.8,5.0,2.465,2.5,0.0,2.5,0.0,https://secdocumentstorage.blob.core.windows.net/fundfactsheet/M0274_2563.pdf
RMF,ASP,ASP-DISRUPTRMF,กองทุนเปิด แอสเซทพลัส ดิสรัปทีฟ ออพพอร์ทูนิตี้ส์ เพื่อการเลี้ยงชีพ,หุ้นทั่วโลก,Global Equity,4,12.5548,2026-10-01,9.51214,3.20937,12.21285,-2.94427,,2.0,1.61,4.49,2.94,,,,,https://secdocumentstorage.blob.core.windows.net/fundfactsheet/M0271_2561.pdf
RMF,SCBAM,SCBRMEU,กองทุนเปิดไทยพาณิชย์ หุ้นยุโรป เพื่อการเลี้ยงชีพ,หุ้นยุโรป,European Equity,4,19.5066,2026-10-01,6.57772,11.45227,12.11426,7.85394,7.79107,1.07,0.75,2.36,0.86,3.21,0.0,3.21,0.0,https://secdocumentstorage.blob.core.windows.net/fundfactsheet/M0522_2558.pdf
RMF,KASSET,K-2035RMF,กองทุนเปิดเค ทาร์เก็ต รีไทร์เมนต์ 2035 เพื่อการเลี้ยงชีพ,กองทุนรวมแบบผสมลงทุนต่างประเทศ,Foreign Investment Allocation,4,12.8573,2026-10-01,3.32958,5.02614,12.02191,3.53714,,3.21,1.07,4.87,1.16,,,2.0,0.0,https://secdocumentstorage.blob.core.windows.net/fundfactsheet/M0529_2563.pdf
RMF,TISCOAM,TEURMF-P,กองทุนเปิด ทิสโก้ ยุโรป อิควิตี้ เพื่อการเลี้ยงชีพ ชนิดรองรับกองทุนสำรองเลี้ยงชีพ,หุ้นยุโรป,European Equity,4,19.5547,2026-10-01,6.09737,10.70745,11.99422,,,2.68,1.07,4.82,0.46,2.0,0.0,2.0,0.0,https://secdocumentstorage.blob.core.windows.net/fundfactsheet/M0468_2558.pdf
RMF,TISCOAM,TEURMF-A,กองทุนเปิด ทิสโก้ ยุโรป อิควิตี้ เพื่อการเลี้ยงชีพ ชนิดผู้ลงทุนทั่วไป,หุ้นยุโรป,European Equity,4,19.554,2026-10-01,6.0976,10.70725,11.99342,7.63867,7.569,2.68,1.07,4.82,0.46,2.0,0.0,2.0,0.0,https://secdocumentstorage.blob.core.windows.net/fundfactsheet/M0468_2558.pdf
RMF,BBLAM,B-CHINAARMF,กองทุนเปิดบัวหลวงหุ้นจีนเอแชร์เพื่อการเลี้ยงชีพ,หุ้นจีน A-Shares,China Equity - A Shares,,8.8239,2026-10-01,9.11755,11.54809,11.60851,-4.81294,,1.07,1.07,2.41,1.19,1.0,0.0,1.0,0.0,https://secdocumentstorage.blob.core.windows.net/fundfactsheet/M0110_2563.pdf
RMF,MFC,M-PROP RMF,กองทุนเปิดเอ็มเอฟซี สมาร์ท พร็อพเพอร์ตี้ เพื่อการเลี้ยงชีพ,กองทุนรวมอสังหาริมทรัพย์ไทย,Fund of Property Fund - Thai,2,11.7434,2026-10-02,13.34125,22.27613,11.56664,2.47485,1.64019,1.6,1.6,2.85,1.93,1.0,0.5,1.0,0.0,https://secdocumentstorage.blob.core.windows.net/fundfactsheet/M0144_2559.pdf
RMF,BBLAM,BMAPS100RMF,กองทุนเปิดบัวหลวงบีแมพส์ 100 เพื่อการเลี้ยงชีพ,กองทุนรวมแบบผสมเชิงรุก (Aggressive),Aggressive Allocation,4,13.2011,2026-09-30,13.15487,14.0602,11.1011,,,1.34,0.8,2.68,1.04,1.0,0.0,1.0,0.0,https://secdocumentstorage.blob.core.windows.net/fundfactsheet/M0149_2565.pdf
RMF,LHFUND,LHTPROPRMF,กองทุนเปิด แอล เอช ไทย พร็อพเพอร์ตี้ เพื่อการเลี้ยงชีพ,กองทุนรวมอสังหาริมทรัพย์ไทย,Fund of Property Fund - Thai,2,14.7942,2026-10-02,13.07438,21.36043,11.04994,2.65405,1.82698,2.14,1.605,3.21,1.921,1.61,0.0,1.61,0.0,https://secdocumentstorage.blob.core.windows.net/fundfactsheet/M0626_2558.pdf
RMF,KTAM,KT-HiDiv RMF,กองทุนเปิดกรุงไทย หุ้นไฮดิวิเดนด์ เพื่อการเลี้ยงชีพ,หุ้นไทยขนาดใหญ่,Equity Large Cap,4,19.937,2026-10-02,30.3106,33.34805,10.97021,6.741,5.60326,2.14,1.87,3.75,2.13,5.0,0.0,3.0,0.0,https://secdocumentstorage.blob.core.windows.net/fundfactsheet/M0822_2556.pdf
RMF,KASSET,K-GIFRMF,กองทุนเปิดเค โกลบอล อินฟราสตรัคเจอร์ หุ้นทุนเพื่อการเลี้ยงชีพ,หุ้นทั่วโลก - โครงสร้างพื้นฐาน,Global Equity - Infrastructure,,14.4548,2026-10-01,3.25595,5.68074,10.92457,3.16541,3.30249,2.68,1.6,4.01,1.76,,,3.0,0.0,https://secdocumentstorage.blob.core.windows.net/fundfactsheet/M0192_2559.pdf
RMF,BBLAM,BSIRIRMF,กองทุนเปิดบัวหลวงสิริผลบรรษัทภิบาลเพื่อการเลี้ยงชีพ,หุ้นไทยขนาดใหญ่,Equity Large Cap,4,14.489,2026-10-02,31.3135,38.15363,10.67443,6.10315,4.056,1.61,1.61,2.94,1.71,1.0,0.0,1.0,0.0,https://secdocumentstorage.blob.core.windows.net/fundfactsheet/M0202_2556.pdf
RMF,PRINCIPAL,PRINCIPAL AARMF,กองทุนเปิดพรินซิเพิล อะเกรสซีฟ แอลโลเคชั่นเพื่อการเลี้ยงชีพ,กองทุนรวมแบบผสมเชิงรุก (Aggressive),Aggressive Allocation,4,20.2122,2026-09-30,15.78344,16.12203,10.45507,4.75703,4.86409,1.07,1.07,3.21,1.312,,,,,https://secdocumentstorage.blob.core.windows.net/fundfactsheet/M0830_2547.pdf
RMF,KSAM,KFGGRMF,กองทุนเปิดกรุงศรีโกลบอลโกรทเพื่อการเลี้ยงชีพ,หุ้นทั่วโลก - ป้องกันความเสี่ยงอัตราแลกเปลี่ยนเต็มที่,Global Equity Fully FX Risk Hedge,,7.459,2026-10-01,-13.08148,-18.50848,10.22241,,,2.14,1.34,4.65,1.54,2.0,0.0,2.0,0.0,https://secdocumentstorage.blob.core.windows.net/fundfactsheet/M0376_2564.pdf
RMF,abrdn,ABGDD-RMF,กองทุนเปิด อเบอร์ดีน โกลบอล ไดนามิค ดีวิเด็น เพื่อการเลี้ยงชีพ,หุ้นทั่วโลก,Global Equity,4,13.211,2026-10-01,4.74114,7.31577,9.70977,,,1.87,1.87,2.68,2.04,3.0,0.0,1.0,0.0,https://secdocumentstorage.blob.core.windows.net/fundfactsheet/M0570_2565.pdf
RMF,SCBAM,SCBRMLEQ,กองทุนเปิดไทยพาณิชย์หุ้น Low Volatility เพื่อการเลี้ยงชีพ,หุ้นทั่วโลก,Global Equity,4,15.6972,2026-10-01,2.02328,1.34156,9.68265,5.01395,,1.61,1.07,2.9,1.17,3.21,0.0,3.21,0.0,https://secdocumentstorage.blob.core.windows.net/fundfactsheet/M0425_2562.pdf
RMF,ONEAM,ONE-DISCRMF-A,กองทุนเปิด วรรณ ดิสคัฟเวอรี่ เพื่อการเลี้ยงชีพ ชนิดทั่วไป,หุ้นทั่วโลก,Global Equity,4,5.7332,2026-10-01,15.29582,10.23053,9.59724,,,2.67,1.6,6.42,1.9,2.14,0.0,2.14,0.0,https://secdocumentstorage.blob.core.windows.net/fundfactsheet/M0475_2563.pdf
RMF,KASSET,K-GARMF,กองทุนเปิดเค โกลบอล แอลโลเคชั่น เพื่อการเลี้ยงชีพ,กองทุนรวมแบบผสมลงทุนต่างประเทศ,Foreign Investment Allocation,4,18.7643,2026-10-01,3.26225,5.37124,9.5051,2.13921,4.4342,2.68,1.07,4.01,1.23,,,2.0,0.0,https://secdocumentstorage.blob.core.windows.net/fundfactsheet/M0861_2553.pdf
RMF,BBLAM,BCAP-2050 RMF,กองทุนเปิดบีแคป โกลบอล ทาร์เก็ต เดท 2050 เพื่อการเลี้ยงชีพ,กองทุนรวมแบบผสมสมดุล (Moderate),Moderate Allocation,3,13.7515,2026-09-30,12.05864,13.2799,9.46406,3.32673,,1.1,0.86,2.14,1.22,1.07,0.0,1.0,1.0,https://secdocumentstorage.blob.core.windows.net/fundfactsheet/M0042_2563.pdf
RMF,BBLAM,B-SIPRMF,กองทุนเปิดบัวหลวงยั่งยืนเพื่อการเลี้ยงชีพ,หุ้นทั่วโลก,Global Equity,4,11.1143,2026-09-30,18.93566,17.41657,9.45497,,,1.34,1.34,2.68,1.44,1.0,0.0,1.0,0.0,https://secdocumentstorage.blob.core.windows.net/fundfactsheet/M0388_2564.pdf
RMF,SCBAM,SCBRMGW,กองทุนเปิดไทยพาณิชย์ โกลบอล เวลท์ เพื่อการเลี้ยงชีพ,กองทุนรวมแบบผสมลงทุนต่างประเทศ,Foreign Investment Allocation,4,12.4533,2026-09-30,7.53216,9.60193,9.33389,1.68132,2.82669,1.61,1.07,2.89,1.26,0.54,0.0,,,https://secdocumentstorage.blob.core.windows.net/fundfactsheet/M0933_2554.pdf
RMF,ONEAM,ONEPROP-RMF,กองทุนเปิด วรรณ พร็อพเพอร์ตี้ เพื่อการเลี้ยงชีพ,กองทุนรวมอสังหาริมทรัพย์ไทย,Fund of Property Fund - Thai,2,11.2518,2026-10-02,12.93246,19.68981,9.281,0.4223,-0.68624,2.47,2.25,4.28,3.4,2.14,0.0,2.14,0.0,https://secdocumentstorage.blob.core.windows.net/fundfactsheet/M0768_2555.pdf
RMF,UOBAM,UOBGARMF,กองทุนเปิด ยูโอบี โกลบอล แอลโลเคชั่น เพื่อการเลี้ยงชีพ,กองทุนรวมแบบผสมลงทุนต่างประเทศ,Foreign Investment Allocation,4,14.2831,2026-10-01,2.30568,4.46896,9.20425,1.78321,3.86979,2.14,1.07,5.35,1.22,2.0,0.0,1.0,0.0,https://secdocumentstorage.blob.core.windows.net/fundfactsheet/M0021_2558.pdf
RMF,ONEAM,ONE-UGERMF-A,กองทุนเปิด วรรณ อัลติเมท โกลบอล อิควิตี้ เพื่อการเลี้ยงชีพ หน่วยลงทุนชนิดทั่วไป,หุ้นทั่วโลก,Global Equity,4,18.0113,2026-10-01,-11.57624,-17.61819,9.1896,-5.22804,,2.67,2.14,6.42,2.28,2.14,0.0,2.14,0.0,https://secdocumentstorage.blob.core.windows.net/fundfactsheet/M0637_2559.pdf
RMF,ONEAM,ONE-UGERMF-P,กองทุนเปิด วรรณ อัลติเมท โกลบอล อิควิตี้ เพื่อการเลี้ยงชีพ ชนิดสำหรับรับโอนจากกองทุนสำรองเลี้ยงชีพ,หุ้นทั่วโลก,Global Equity,4,18.0113,2026-10-01,-11.57668,-17.61819,9.1896,-5.22812,,2.67,2.14,6.42,2.28,2.14,0.0,2.14,0.0,https://secdocumentstorage.blob.core.windows.net/fundfactsheet/M0637_2559.pdf
RMF,BBLAM,B-GLOB-INFRARMF,กองทุนเปิดบัวหลวงหุ้นโกลบอล อินฟราสตรัคเจอร์ เพื่อการเลี้ยงชีพ,หุ้นทั่วโลก - โครงสร้างพื้นฐาน,Global Equity - Infrastructure,,11.9009,2026-09-30,4.31425,6.45479,9.15056,,,2.14,1.07,3.48,1.21,1.0,0.0,1.0,0.0,https://secdocumentstorage.blob.core.windows.net/fundfactsheet/M0473_2565.pdf
RMF,EASTSPRING,ES-SET50RMF2,กองทุนเปิดอีสท์สปริง SET50 เพื่อการเลี้ยงชีพ 2,ดัชนีหุ้น SET 50,SET 50 Index Fund,4,12.1032,2026-10-02,30.53776,31.4251,9.08172,5.24479,,2.14,0.42,3.67,0.61,3.21,0.0,3.21,0.0,https://secdocumentstorage.blob.core.windows.net/fundfactsheet/M0292_2562.pdf
RMF,SCBAM,SCBRMS50,กองทุนเปิดไทยพาณิชย์ SET 50 Index เพื่อการเลี้ยงชีพ,ดัชนีหุ้น SET 50,SET 50 Index Fund,4,21.8353,2026-10-02,30.72838,31.57045,9.06095,4.88333,3.62333,0.8,0.54,2.09,0.62,0.54,0.0,0.54,0.0,https://secdocumentstorage.blob.core.windows.net/fundfactsheet/M0787_2554.pdf
RMF,KTAM,KTMUNG-RMF,กองทุนเปิดกรุงไทยมั่งคั่งเพื่อการเลี้ยงชีพ,กองทุนรวมแบบผสมเชิงรุก (Aggressive),Aggressive Allocation,4,13.6605,2026-09-30,10.00209,11.36156,9.03485,2.57622,,2.14,0.15,5.35,0.55,2.14,0.0,2.14,0.0,https://secdocumentstorage.blob.core.windows.net/fundfactsheet/M0428_2561.pdf
RMF,SCBAM,SCBRMGHC,กองทุนเปิดไทยพาณิชย์ โกลบอลเฮลธ์แคร์ เพื่อการเลี้ยงชีพ,หุ้นกลุ่มอุตสาหกรรมการดูแลสุขภาพ,Health Care,5,18.3876,2026-09-30,4.09529,22.24172,8.99437,3.79746,6.859,1.61,1.07,2.89,1.17,3.21,0.0,3.21,0.0,https://secdocumentstorage.blob.core.windows.net/fundfactsheet/M0593_2558.pdf
RMF,MFC,M-S50 RMF,กองทุนเปิดเอ็มเอฟซี เซ็ท 50 เพื่อการเลี้ยงชีพ,ดัชนีหุ้น SET 50,SET 50 Index Fund,4,11.019,2026-10-02,30.36688,31.15047,8.8798,4.76294,,1.6,1.6,2.85,1.93,1.0,0.5,1.0,0.0,https://secdocumentstorage.blob.core.windows.net/fundfactsheet/M0580_2560.pdf
RMF,KTAM,KT-WEQ RMF,กองทุนเปิดเคแทม เวิลด์ อิควิตี้ เพื่อการเลี้ยงชีพ,หุ้นทั่วโลก,Global Equity,4,16.8881,2026-10-01,2.84014,1.12453,8.87327,4.46437,5.77857,2.14,1.34,5.1,1.56,3.0,0.0,1.0,0.0,https://secdocumentstorage.blob.core.windows.net/fundfactsheet/M0869_2557.pdf
RMF,MFC,MRENEWRMF,กองทุนเปิดเอ็มเอฟซี รีนิวเอเบิล เอนเนอร์จี เพื่อการเลี้ยงชีพ,พลังงานทางเลือก,Global Equity - Alternative Energy,,10.1732,2026-10-01,4.81028,10.44501,8.84262,,,1.6,1.6,2.85,1.93,1.0,0.5,1.0,0.0,https://secdocumentstorage.blob.core.windows.net/fundfactsheet/M0479_2564.pdf
RMF,KSAM,KF-GCHINARMF,กองทุนเปิดกรุงศรีเกรทเทอร์ไชน่าอิควิตี้เฮดจ์เอฟเอ็กซ์เพื่อการเลี้ยงชีพ,หุ้นจีน,Greater China Equity,4,11.7026,2026-10-01,11.53831,8.2752,8.80989,-3.11174,,2.14,1.34,4.65,1.54,2.0,0.0,2.0,0.0,https://secdocumentstorage.blob.core.windows.net/fundfactsheet/M0487_2560.pdf
RMF,KTAM,KTSET50RMF,กองทุนเปิดกรุงไทย SET50 เพื่อการเลี้ยงชีพ,ดัชนีหุ้น SET 50,SET 50 Index Fund,4,14.0082,2026-10-02,30.21315,30.98264,8.77487,4.72134,,2.14,0.54,3.75,0.8,3.0,0.0,3.0,0.0,https://secdocumentstorage.blob.core.windows.net/fundfactsheet/M0653_2559.pdf
RMF,KASSET,K-S50RMF,กองทุนเปิดเค เซ็ท 50 เพื่อการเลี้ยงชีพ,ดัชนีหุ้น SET 50,SET 50 Index Fund,4,15.7093,2026-10-02,30.77026,31.33988,8.75092,4.71343,3.55632,1.87,0.54,2.68,0.74,,,2.0,0.0,https://secdocumentstorage.blob.core.windows.net/fundfactsheet/M0738_2556.pdf
RMF,KTAM,KT-CLIMATE RMF,กองทุนเปิดเคแทม Global Climate Change เพื่อการเลี้ยงชีพ,หุ้นทั่วโลก - กลุ่มอุตสาหกรรมอื่นๆ,Other Global Sector Equity,,9.7282,2026-10-01,3.97264,6.3726,8.64372,,,2.14,1.34,5.35,1.11,3.21,0.0,3.21,0.0,https://secdocumentstorage.blob.core.windows.net/fundfactsheet/M0471_2564.pdf
RMF,KKPAM,KKP CorePath Balanced RMF,กองทุนเปิดเคเคพี CorePath Balanced เพื่อการเลี้ยงชีพ,กองทุนรวมแบบผสมสมดุล (Moderate),Moderate Allocation,3,12.9514,2026-09-29,4.97844,6.3805,8.4414,1.99458,,2.14,0.0,2.68,0.15,2.14,0.0,2.14,0.0,https://secdocumentstorage.blob.core.windows.net/fundfactsheet/M0184_2561.pdf
RMF,SCBAM,SCBRMASHARES(A),กองทุนเปิดไทยพาณิชย์ หุ้นจีนเอแชร์ แอคทีฟ เพื่อการเลี้ยงชีพ(ชนิดสะสมมูลค่า),หุ้นจีน A-Shares,China Equity - A Shares,,8.112,2026-10-01,9.25841,7.58478,8.32035,,,1.61,1.07,2.9,1.19,3.21,0.0,3.21,0.0,https://secdocumentstorage.blob.core.windows.net/fundfactsheet/M0555_2564.pdf
RMF,KSAM,KFS100RMF,กองทุนเปิดกรุงศรี SET100 เพื่อการเลี้ยงชีพ,หุ้นไทยขนาดใหญ่,Equity Large Cap,4,41.4483,2026-10-02,32.29546,32.13014,8.2186,4.09961,3.6297,0.54,0.54,0.75,0.73,1.0,0.0,0.0,0.0,https://secdocumentstorage.blob.core.windows.net/fundfactsheet/M0419_2548.pdf
RMF,EASTSPRING,ES-SET50RMF,กองทุนเปิดอีสท์สปริง SET50 เพื่อการเลี้ยงชีพ,ดัชนีหุ้น SET 50,SET 50 Index Fund,4,48.7871,2026-10-02,29.81922,30.45795,8.20365,3.99608,2.9277,1.25,1.24,1.45,1.38,,,,,https://secdocumentstorage.blob.core.windows.net/fundfactsheet/M0602_2546.pdf
RMF,KASSET,K-CHANGERMF,กองทุนเปิดเค พอสซิทีฟ เชนจ์ หุ้นทุนเพื่อการเลี้ยงชีพ,หุ้นทั่วโลก,Global Equity,4,11.1808,2026-10-01,10.38732,6.11594,8.16427,-2.52495,,3.21,1.34,4.87,1.42,,,3.0,0.0,https://secdocumentstorage.blob.core.windows.net/fundfactsheet/M0468_2563.pdf
RMF,SCBAM,SCBRMPOP,กองทุนเปิดไทยพาณิชย์ Global Sustainable Population Trend เพื่อการเลี้ยงชีพ,กองทุนรวมแบบผสมลงทุนต่างประเทศ,Foreign Investment Allocation,4,15.3134,2026-10-01,3.27981,4.95531,8.10375,0.15509,,1.61,1.07,2.9,1.18,3.21,0.0,3.21,0.0,https://secdocumentstorage.blob.core.windows.net/fundfactsheet/M0570_2560.pdf
RMF,KASSET,K-USARMF,กองทุนเปิดเค ยูเอสเอ หุ้นทุนเพื่อการเลี้ยงชีพ,หุ้นสหรัฐฯ,US Equity,4,6.8851,2026-09-30,-2.02075,-5.17305,7.7849,-8.54465,,3.21,1.6,4.87,1.7,,,3.0,0.0,https://secdocumentstorage.blob.core.windows.net/fundfactsheet/M0470_2563.pdf
RMF,EASTSPRING,ES-JB25RMF,กองทุนเปิดอีสท์สปริง JUMBO 25 เพื่อการเลี้ยงชีพ,หุ้นไทยขนาดใหญ่,Equity Large Cap,4,41.576,2026-10-02,26.52966,27.77008,7.76235,3.62342,2.60352,1.25,1.24,1.45,1.38,,,,,https://secdocumentstorage.blob.core.windows.net/fundfactsheet/M0872_2547.pdf
RMF,KASSET,K-PROPIRMF,กองทุนเปิดเค Property Infra Flexible เพื่อการเลี้ยงชีพ,กองทุนรวมอสังหาริมทรัพย์ และทรัสต์เพื่อการลงทุนในอสังหาริมทรัพย์ผสมไทยและต่างประเทศ,Fund of Property fund - Thai and Foreign,2,9.8073,2026-10-02,2.86335,6.07762,7.74938,1.17454,,3.21,1.07,5.59,1.23,,,2.0,0.0,https://secdocumentstorage.blob.core.windows.net/fundfactsheet/M0596_2562.pdf
RMF,PRINCIPAL,PRINCIPAL SET100RMF,กองทุนเปิดพรินซิเพิล SET100 เพื่อการเลี้ยงชีพ,หุ้นไทยขนาดใหญ่,Equity Large Cap,4,22.1852,2026-10-02,31.15231,31.55595,7.74391,3.57357,3.16719,0.86,0.641,2.14,0.978,,,,,https://secdocumentstorage.blob.core.windows.net/fundfactsheet/M0833_2553.pdf
RMF,KSAM,KFUSRMF,กองทุนเปิดกรุงศรียูเอสอิควิตี้เพื่อการเลี้ยงชีพ,หุ้นสหรัฐฯ,US Equity,4,5.8028,2026-09-30,3.22145,0.42226,7.59394,,,2.14,1.34,4.65,1.56,2.0,0.0,2.0,0.0,https://secdocumentstorage.blob.core.windows.net/fundfactsheet/M0385_2564.pdf
RMF,DAOL,DAOL-GLOBALEQRMF,กองทุนเปิด ดาโอ โกลบอล อิควิตี้ เพื่อการเลี้ยงชีพ,หุ้นทั่วโลก,Global Equity,4,12.2037,2026-10-01,5.71099,9.63902,7.55037,1.83318,,2.675,1.605,6.43,2.528,2.14,0.0,2.14,0.0,https://secdocumentstorage.blob.core.windows.net/fundfactsheet/M0506_2563.pdf
RMF,KTAM,KT-HEALTHC RMF,กองทุนเปิดเคแทม เวิลด์ เฮลธ์แคร์ เพื่อการเลี้ยงชีพ,หุ้นกลุ่มอุตสาหกรรมการดูแลสุขภาพ,Health Care,5,16.692,2026-10-01,4.17265,18.50569,7.43607,2.46058,6.16242,2.68,1.34,5.35,1.97,5.0,0.0,3.0,0.0,https://secdocumentstorage.blob.core.windows.net/fundfactsheet/M0627_2558.pdf
RMF,KTAM,KTMEE-RMF,กองทุนเปิดกรุงไทยมีทรัพย์เพื่อการเลี้ยงชีพ,กองทุนรวมแบบผสมสมดุล (Moderate),Moderate Allocation,3,12.4326,2026-09-30,7.76659,8.8812,7.42652,1.7568,,2.14,0.13,5.35,0.55,2.14,0.0,2.14,0.0,https://secdocumentstorage.blob.core.windows.net/fundfactsheet/M0434_2561.pdf
RMF,KSAM,KFCLIMARMF,กองทุนเปิดกรุงศรี ESG Climate Tech เพื่อการเลี้ยงชีพ,หุ้นทั่วโลก - กลุ่มอุตสาหกรรมอื่นๆ,Other Global Sector Equity,,9.3455,2026-10-01,3.55354,1.69427,7.38904,,,2.14,1.34,4.65,1.57,2.0,0.0,2.0,0.0,https://secdocumentstorage.blob.core.windows.net/fundfactsheet/M0383_2564.pdf
RMF,KTAM,KT-Ashares RMF,กองทุนเปิดเคแทม ไชน่า เอแชร์ อิควิตี้ เพื่อการเลี้ยงชีพ,หุ้นจีน A-Shares,China Equity - A Shares,,6.7243,2026-09-30,8.78104,6.62829,7.3205,-8.06994,,2.14,1.34,5.35,1.33,3.21,0.0,3.21,0.0,https://secdocumentstorage.blob.core.windows.net/fundfactsheet/M0546_2563.pdf
RMF,TISCOAM,TCHRMF,กองทุนเปิด ทิสโก้ ไชน่า H-Shares อิควิตี้ เพื่อการเลี้ยงชีพ,หุ้นจีน,Greater China Equity,4,6.8063,2026-10-02,-11.12983,-18.5479,7.21312,-2.9159,-2.63741,2.14,1.07,3.75,1.35,1.5,0.0,1.5,0.0,https://secdocumentstorage.blob.core.windows.net/fundfactsheet/M0004_2556.pdf
RMF,EASTSPRING,ES-HEALTHCARERMF,กองทุนเปิดอีสท์สปริง Global Healthcare เพื่อการเลี้ยงชีพ,หุ้นกลุ่มอุตสาหกรรมการดูแลสุขภาพ,Health Care,5,14.9135,2026-10-01,2.11019,17.30629,7.1391,2.2336,5.64797,2.14,1.6,5.35,1.77,3.21,0.0,3.21,0.0,https://secdocumentstorage.blob.core.windows.net/fundfactsheet/M0367_2558.pdf
RMF,UOBAM,UGBFRMF,กองทุนเปิด ยูไนเต็ด โกลบอล บาลานซ์ ฟันด์ เพื่อการเลี้ยงชีพ,กองทุนรวมแบบผสมลงทุนต่างประเทศ,Foreign Investment Allocation,4,11.1567,2026-09-30,2.24811,3.70126,6.94518,0.88624,,2.14,0.75,5.35,1.01,2.0,0.0,1.0,0.0,https://secdocumentstorage.blob.core.windows.net/fundfactsheet/M0460_2559.pdf
RMF,KASSET,K-GINCOMERMF,กองทุนเปิดเค โกลบอล อินคัม เพื่อการเลี้ยงชีพ,กองทุนรวมแบบผสมลงทุนต่างประเทศ,Foreign Investment Allocation,4,11.9724,2026-09-30,4.41654,5.78101,6.93127,,,3.21,1.07,4.87,1.17,,,2.0,0.0,https://secdocumentstorage.blob.core.windows.net/fundfactsheet/M0552_2565.pdf
RMF,KSAM,KFINFRARMF,กองทุนเปิดกรุงศรีเน็กซ์เจเนเรชั่นอินฟราสตรัคเจอร์เพื่อการเลี้ยงชีพ,หุ้นทั่วโลก - โครงสร้างพื้นฐาน,Global Equity - Infrastructure,,9.6929,2026-09-30,-1.59592,-2.169,6.54364,,,2.14,1.34,4.65,1.61,2.0,0.0,2.0,0.0,https://secdocumentstorage.blob.core.windows.net/fundfactsheet/M0363_2564.pdf
RMF,PRINCIPAL,PRINCIPAL iPROPRMF,กองทุนเปิดพรินซิเพิล พร็อพเพอร์ตี้ อินคัมเพื่อการเลี้ยงชีพ,กองทุนรวมอสังหาริมทรัพย์ และทรัสต์เพื่อการลงทุนในอสังหาริมทรัพย์ผสมไทยและต่างประเทศ,Fund of Property fund - Thai and Foreign,2,16.609,2026-10-02,3.94398,7.54129,6.49417,0.34972,1.88155,1.61,0.855,4.82,1.268,1.07,0.0,1.07,0.0,https://secdocumentstorage.blob.core.windows.net/fundfactsheet/M0888_2555.pdf
RMF,KSAM,KFEURORMF,กองทุนเปิดกรุงศรียุโรปอิควิตี้เพื่อการเลี้ยงชีพ,หุ้นยุโรป,European Equity,4,18.8777,2026-10-01,10.50512,15.73743,6.47431,-0.26789,5.06817,2.14,1.34,4.65,1.55,2.0,0.0,2.0,0.0,https://secdocumentstorage.blob.core.windows.net/fundfactsheet/M0922_2556.pdf
RMF,BBLAM,BCAP-2040 RMF,กองทุนเปิดบีแคป โกลบอล ทาร์เก็ต เดท 2040 เพื่อการเลี้ยงชีพ,กองทุนรวมแบบผสมสมดุล (Moderate),Moderate Allocation,3,12.4944,2026-09-30,6.82353,7.39003,6.32136,1.77163,,1.1,0.86,2.14,1.17,1.07,0.0,1.0,1.0,https://secdocumentstorage.blob.core.windows.net/fundfactsheet/M0041_2563.pdf
RMF,BBLAM,BMAPS55RMF,กองทุนเปิดบัวหลวงบีแมพส์ 55 เพื่อการเลี้ยงชีพ,กองทุนรวมแบบผสมสมดุล (Moderate),Moderate Allocation,3,11.73,2026-09-30,6.72174,7.29378,6.20721,,,1.34,0.8,2.68,0.99,1.0,0.0,1.0,0.0,https://secdocumentstorage.blob.core.windows.net/fundfactsheet/M0167_2565.pdf
RMF,BBLAM,BCARERMF,กองทุนเปิดบัวหลวงโกลบอลเฮลธ์แคร์เพื่อการเลี้ยงชีพ,หุ้นกลุ่มอุตสาหกรรมการดูแลสุขภาพ,Health Care,5,16.1841,2026-09-30,7.9235,22.46394,6.10233,0.45663,5.04049,1.61,1.38,2.94,1.49,1.5,0.0,1.0,0.0,https://secdocumentstorage.blob.core.windows.net/fundfactsheet/M0083_2558.pdf
RMF,BBLAM,B-IR-FOFRMF,กองทุนเปิดฟันด์ออฟฟันด์บัวหลวงโครงสร้างพื้นฐาน&อสังหาริมทรัพย์เพื่อการเลี้ยงชีพ,กองทุนรวมอสังหาริมทรัพย์ และทรัสต์เพื่อการลงทุนในอสังหาริมทรัพย์ผสมไทยและต่างประเทศ,Fund of Property fund - Thai and Foreign,2,10.4644,2026-10-02,6.02444,9.14401,6.08907,1.5324,,1.07,1.07,2.14,1.38,1.0,0.0,1.0,0.0,https://secdocumentstorage.blob.core.windows.net/fundfactsheet/M0573_2562.pdf
RMF,SCBAM,SCBRMGIF,กองทุนเปิดไทยพาณิชย์โกลบอลอินฟราสตรัคเจอร์ เพื่อการเลี้ยงชีพ,หุ้นทั่วโลก - โครงสร้างพื้นฐาน,Global Equity - Infrastructure,,14.3457,2026-10-01,-3.70075,-5.46179,6.08204,1.21678,2.85499,1.61,1.07,2.89,1.18,3.21,0.0,3.21,0.0,https://secdocumentstorage.blob.core.windows.net/fundfactsheet/M0518_2558.pdf
RMF,TALISAM,TLDIVRMF,กองทุนเปิดทาลิส DIVIDEND STOCK เพื่อการเลี้ยงชีพ,หุ้นไทยทั่วไป,Equity General,4,11.6349,2026-10-02,36.10936,35.06652,5.88842,4.08796,,3.21,2.14,4.52,2.45,3.0,0.0,3.0,0.0,https://secdocumentstorage.blob.core.windows.net/fundfactsheet/M0616_2560.pdf
RMF,EASTSPRING,ES-PIPFRMF,กองทุนเปิดอีสท์สปริง Property and Infrastructure Income Plus Flexible เพื่อการเลี้ยงชีพ,กองทุนรวมอสังหาริมทรัพย์ และทรัสต์เพื่อการลงทุนในอสังหาริมทรัพย์ผสมไทยและต่างประเทศ,Fund of Property fund - Thai and Foreign,2,14.6954,2026-10-02,3.29088,5.88913,5.87185,-0.64836,1.82363,2.14,1.6,2.51,1.8,,,,,https://secdocumentstorage.blob.core.windows.net/fundfactsheet/M0424_2557.pdf
RMF,KTAM,KTSRI-RMF,กองทุนเปิดกรุงไทยศรีสิริเพื่อการเลี้ยงชีพ,กองทุนรวมแบบผสมสมดุล (Moderate),Moderate Allocation,3,11.5409,2026-09-30,4.5845,5.25697,5.85803,1.42147,,2.14,0.05,5.35,0.49,2.14,0.0,2.14,0.0,https://secdocumentstorage.blob.core.windows.net/fundfactsheet/M0437_2561.pdf
RMF,SCBAM,SCBRMMLCA,กองทุนเปิดไทยพาณิชย์ Machine Learning China All Share เพื่อการเลี้ยงชีพ,หุ้นจีน,Greater China Equity,4,7.9948,2026-10-01,-0.26696,-4.70696,5.72658,-4.77662,,1.61,1.07,2.9,1.2,3.21,0.0,3.21,0.0,https://secdocumentstorage.blob.core.windows.net/fundfactsheet/M0310_2564.pdf
RMF,KTAM,RMF1,กองทุนเปิดกรุงไทยผสมเพื่อการเลี้ยงชีพ,กองทุนรวมแบบผสมเชิงรุก (Aggressive),Aggressive Allocation,4,66.3729,2026-10-02,19.79868,19.10431,5.65935,2.86658,2.41336,1.61,1.61,3.42,1.76,,,,,https://secdocumentstorage.blob.core.windows.net/fundfactsheet/M0110_2545.pdf
RMF,MFC,HI-DIV RMF,กองทุนเปิดเอ็มเอฟซี ไฮ-ดิวิเดนด์ เพื่อการเลี้ยงชีพ,หุ้นไทยทั่วไป,Equity General,4,11.3951,2026-10-02,26.39594,25.60875,5.53525,2.0362,,2.14,1.6,4.6,1.8,1.0,0.0,1.0,0.0,https://secdocumentstorage.blob.core.windows.net/fundfactsheet/M0152_2561.pdf
RMF,TISCOAM,TCHARMF-P,กองทุนเปิด ทิสโก้ ไชน่า A-Shares อิควิตี้ เพื่อการเลี้ยงชีพ ชนิดรองรับกองทุนสำรองเลี้ยงชีพ,หุ้นจีน A-Shares,China Equity - A Shares,,7.6277,2026-10-02,-3.41627,-3.42972,5.33945,-4.84642,,3.0,1.07,5.0,1.33,2.5,0.0,2.5,0.0,https://secdocumentstorage.blob.core.windows.net/fundfactsheet/M0505_2563.pdf
RMF,TISCOAM,TCHARMF-A,กองทุนเปิด ทิสโก้ ไชน่า A-Shares อิควิตี้ เพื่อการเลี้ยงชีพ ชนิดผู้ลงทุนทั่วไป,หุ้นจีน A-Shares,China Equity - A Shares,,7.6271,2026-10-02,-3.41775,-3.4312,5.33884,-4.84655,,3.0,1.07,5.0,1.33,2.5,0.0,2.5,0.0,https://secdocumentstorage.blob.core.windows.net/fundfactsheet/M0505_2563.pdf
RMF,KTAM,KTSE-RMF,กองทุนเปิดกรุงไทย ซีเล็คทีฟ อิควิตี้ เพื่อการเลี้ยงชีพ,หุ้นไทยขนาดใหญ่,Equity Large Cap,4,13.0953,2026-10-02,25.1223,24.2851,5.29249,1.63657,0.35799,2.14,1.61,3.75,1.86,,,,,https://secdocumentstorage.blob.core.windows.net/fundfactsheet/M0730_2555.pdf
RMF,PRINCIPAL,PRINCIPAL EQRMF,กองทุนเปิดพรินซิเพิล หุ้นทุนเพื่อการเลี้ยงชีพ,หุ้นไทยขนาดใหญ่,Equity Large Cap,4,19.5026,2026-10-02,29.42972,26.60162,5.16062,2.91001,2.11175,1.77,1.594,3.08,1.79,1.07,0.0,1.07,0.0,https://secdocumentstorage.blob.core.windows.net/fundfactsheet/M0415_2548.pdf
RMF,KSAM,KFSTARRMF,กองทุนเปิดกรุงศรีไทยออลสตาร์เพื่อการเลี้ยงชีพ,หุ้นไทยทั่วไป,Equity General,4,7.5271,2026-10-02,27.82495,26.28727,4.92953,0.27622,,2.68,2.14,5.08,2.34,1.5,0.0,1.5,0.0,https://secdocumentstorage.blob.core.windows.net/fundfactsheet/M0490_2560.pdf
RMF,ASP,ASP-TOPBRANDRMF,กองทุนเปิด แอสเซทพลัส ท็อปแบรนด์ เพื่อการเลี้ยงชีพ,หุ้นทั่วโลก,Global Equity,4,10.4774,2026-10-01,3.6771,-1.61327,4.91341,,,2.0,1.61,4.49,4.04,,,,,https://secdocumentstorage.blob.core.windows.net/fundfactsheet/M0343_2566.pdf
RMF,EASTSPRING,ES-EQRMF,กองทุนเปิดอีสท์สปริง Equity เพื่อการเลี้ยงชีพ,หุ้นไทยขนาดใหญ่,Equity Large Cap,4,70.4832,2026-10-02,30.25357,27.14131,4.8255,1.53661,2.14088,1.68,1.68,2.94,1.85,3.21,0.0,3.21,0.0,https://secdocumentstorage.blob.core.windows.net/fundfactsheet/M0056_2545.pdf
RMF,ASP,ASP-VIETRMF,กองทุนเปิด แอสเซทพลัส เวียดนาม โกรท เพื่อการเลี้ยงชีพ,หุ้นเวียดนาม,Vietnam Equity,,11.9692,2026-10-02,-1.31344,0.16738,4.77533,-3.04893,,2.5,1.61,6.0,3.18,,,,,https://secdocumentstorage.blob.core.windows.net/fundfactsheet/M0298_2561.pdf
RMF,ONEAM,V-RMF-A,กองทุนเปิด หุ้นคุณค่า เพื่อการเลี้ยงชีพ หน่วยลงทุนชนิดทั่วไป,หุ้นไทยขนาดใหญ่,Equity Large Cap,4,92.9445,2026-10-02,28.56977,27.34269,4.77047,2.13163,2.72923,2.05,2.04,6.42,2.18,0.27,0.0,0.27,0.0,https://secdocumentstorage.blob.core.windows.net/fundfactsheet/M0070_2544.pdf
RMF,ONEAM,V-RMF-P,กองทุนเปิด หุ้นคุณค่า เพื่อการเลี้ยงชีพ ชนิดสำหรับรับโอนจากกองทุนสำรองเลี้ยงชีพ,หุ้นไทยขนาดใหญ่,Equity Large Cap,4,92.9446,2026-10-02,28.56991,27.34283,4.77046,2.13163,,2.05,2.04,6.42,2.18,0.27,0.0,0.27,0.0,https://secdocumentstorage.blob.core.windows.net/fundfactsheet/M0070_2544.pdf
RMF,UOBAM,USUSRMF,กองทุนเปิด ยูไนเต็ด ซัสเทนเนเบิล อิควิตี้ โซลูชั่น ฟันด์ เพื่อการเลี้ยงชีพ,หุ้นทั่วโลก,Global Equity,4,10.0991,2026-10-01,-3.4752,-1.81799,4.77025,0.2249,,2.14,1.61,5.35,1.87,2.0,0.0,2.0,0.0,https://secdocumentstorage.blob.core.windows.net/fundfactsheet/M0154_2564.pdf
RMF,KTAM,KTEF-RMF,กองทุนเปิดกรุงไทย สมาร์ท อิควิตี้ เพื่อการเลี้ยงชีพ,หุ้นไทยขนาดใหญ่,Equity Large Cap,4,9.6921,2026-10-02,29.49389,26.80352,4.54209,0.63726,,2.14,1.87,3.75,2.13,3.21,0.0,3.21,0.0,https://secdocumentstorage.blob.core.windows.net/fundfactsheet/M0559_2560.pdf
RMF,SCBAM,SCBRMPIN,กองทุนเปิดไทยพาณิชย์ พร็อพเพอร์ตี้ แอนด์ อินฟราสตรัคเจอร์ เฟล็กซิเบิ้ล เพื่อการเลี้ยงชีพ,กองทุนรวมอสังหาริมทรัพย์ และทรัสต์เพื่อการลงทุนในอสังหาริมทรัพย์ผสมไทยและต่างประเทศ,Fund of Property fund - Thai and Foreign,2,8.6876,2026-10-02,0.09794,3.11079,4.47216,-0.50048,,1.61,1.07,2.9,1.19,3.21,0.0,3.21,0.0,https://secdocumentstorage.blob.core.windows.net/fundfactsheet/M0424_2562.pdf
RMF,SCBAM,SCBRMPGF(A),กองทุนเปิดไทยพาณิชย์ แพลทตินัม โกลบอล เพื่อการเลี้ยงชีพ (ชนิดสะสมมูลค่า),หุ้นทั่วโลก - กลุ่มอุตสาหกรรมอื่นๆ,Other Global Sector Equity,,11.8869,2026-09-30,9.62539,13.66105,4.39137,,,1.61,1.07,2.9,1.23,3.21,0.0,3.21,0.0,https://secdocumentstorage.blob.core.windows.net/fundfactsheet/M0146_2565.pdf
RMF,KSAM,KFDIVRMF,กองทุนเปิดกรุงศรีหุ้นปันผลเพื่อการเลี้ยงชีพ,หุ้นไทยทั่วไป,Equity General,4,26.4964,2026-10-02,30.76118,28.05637,4.35653,0.0031,-0.11916,2.14,2.14,2.42,2.33,0.5,0.0,0.5,0.0,https://secdocumentstorage.blob.core.windows.net/fundfactsheet/M0460_2550.pdf
RMF,KTAM,KTSUK-RMF,กองทุนเปิดกรุงไทยสุขใจเพื่อการเลี้ยงชีพ,กองทุนรวมแบบผสมเสี่ยงต่ำ (Conservative),Conservative Allocation,2,10.9008,2026-09-30,2.10279,2.49737,4.26416,0.94796,,2.14,0.04,5.35,0.46,2.14,0.0,2.14,0.0,https://secdocumentstorage.blob.core.windows.net/fundfactsheet/M0436_2561.pdf
RMF,KTAM,KT-CHINA RMF,กองทุนเปิดเคแทม ไชน่า อิควิตี้ เพื่อการเลี้ยงชีพ,หุ้นจีน,Greater China Equity,4,7.1069,2026-09-30,-9.11195,-16.71374,4.25533,-8.97557,,2.14,1.34,4.89,1.33,3.21,0.0,3.21,0.0,https://secdocumentstorage.blob.core.windows.net/fundfactsheet/M0586_2560.pdf
RMF,TISCOAM,TINRMF-P,กองทุนเปิด ทิสโก้ อินคัม พลัส เพื่อการเลี้ยงชีพ ชนิดรองรับกองทุนสำรองเลี้ยงชีพ,กองทุนรวมแบบผสมสมดุล (Moderate),Moderate Allocation,3,11.2147,2026-10-02,7.37113,9.22097,4.16123,1.43822,,3.0,1.07,5.0,1.29,2.5,0.0,2.5,0.0,https://secdocumentstorage.blob.core.windows.net/fundfactsheet/M0237_2561.pdf
RMF,TISCOAM,TINRMF-A,กองทุนเปิด ทิสโก้ อินคัม พลัส เพื่อการเลี้ยงชีพ ชนิดผู้ลงทุนทั่วไป,กองทุนรวมแบบผสมสมดุล (Moderate),Moderate Allocation,3,11.2145,2026-10-02,7.37127,9.22115,4.16096,1.43806,,3.0,1.07,5.0,1.29,2.5,0.0,2.5,0.0,https://secdocumentstorage.blob.core.windows.net/fundfactsheet/M0237_2561.pdf
RMF,TISCOAM,TGHRMF-A,กองทุนเปิด ทิสโก้ โกลบอล เฮลธ์แคร์ เพื่อการเลี้ยงชีพ ชนิดผู้ลงทุนทั้วไป,หุ้นกลุ่มอุตสาหกรรมการดูแลสุขภาพ,Health Care,5,14.9121,2026-10-01,2.89103,9.18696,4.12477,1.47496,5.04211,2.68,1.34,4.82,1.6,2.0,0.0,2.0,0.0,https://secdocumentstorage.blob.core.windows.net/fundfactsheet/M0445_2558.pdf
RMF,TISCOAM,TGHRMF-P,กองทุนเปิด ทิสโก้ โกลบอล เฮลธ์แคร์ เพื่อการเลี้ยงชีพ ชนิดรองรับกองทุนสำรองเลี้ยงชีพ,หุ้นกลุ่มอุตสาหกรรมการดูแลสุขภาพ,Health Care,5,14.7911,2026-10-01,2.8896,9.18681,4.11847,1.47074,,2.68,1.34,4.82,1.6,2.0,0.0,2.0,0.0,https://secdocumentstorage.blob.core.windows.net/fundfactsheet/M0445_2558.pdf
RMF,BBLAM,B-ASEANRMF,กองทุนเปิดบัวหลวงหุ้นอาเซียนเพื่อการเลี้ยงชีพ,หุ้นอาเซียน,ASEAN Equity,4,12.1759,2026-10-02,9.77389,9.63057,4.11082,3.13377,,1.61,1.61,2.94,2.0,1.5,0.0,1.0,0.0,https://secdocumentstorage.blob.core.windows.net/fundfactsheet/M0148_2560.pdf
RMF,SCBAM,SCBRM3,กองทุนเปิดไทยพาณิชย์เฟล็กซิเบิ้ล ฟันด์ เพื่อการเลี้ยงชีพ,กองทุนรวมแบบผสมเชิงรุก (Aggressive),Aggressive Allocation,4,28.154,2026-10-02,31.19475,30.91656,4.00762,1.61922,1.13181,1.61,1.61,2.84,1.8,3.21,0.0,,,https://secdocumentstorage.blob.core.windows.net/fundfactsheet/M0080_2544.pdf
RMF,MFC,M-VALUE,กองทุนเปิดเอ็มเอฟซีเงินทุนสร้างค่าเพื่อการเลี้ยงชีพ,กองทุนรวมแบบผสมเชิงรุก (Aggressive),Aggressive Allocation,4,81.6777,2026-10-02,26.5291,23.31539,3.94,0.9833,1.36077,1.6,1.6,2.85,1.93,1.0,0.5,1.0,0.0,https://secdocumentstorage.blob.core.windows.net/fundfactsheet/M0093_2545.pdf
RMF,SCBAM,SCBRMCHA,กองทุนเปิดไทยพาณิชย์หุ้นจีนเอแชร์ เพื่อการเลี้ยงชีพ,หุ้นจีน A-Shares,China Equity - A Shares,,7.994,2026-10-02,-7.48114,-8.79011,3.76273,-3.52981,,1.07,0.75,2.36,0.85,3.21,0.0,3.21,0.0,https://secdocumentstorage.blob.core.windows.net/fundfactsheet/M0181_2564.pdf
RMF,MFC,M-TWSUK RMF,กองทุนเปิดเอ็มเอฟซี เกษียณทวีสุข เพื่อการเลี้ยงชีพ,กองทุนรวมแบบผสมเสี่ยงต่ำ (Conservative),Conservative Allocation,2,12.2564,2026-10-02,7.68041,7.27609,3.75551,1.98127,,1.6,1.6,2.85,1.93,1.0,0.5,1.0,0.0,https://secdocumentstorage.blob.core.windows.net/fundfactsheet/M0113_2561.pdf
RMF,EASTSPRING,ES-LOWBETARMF,กองทุนเปิดอีสท์สปริง Low Beta เพื่อการเลี้ยงชีพ,หุ้นไทยขนาดใหญ่,Equity Large Cap,4,16.396,2026-10-02,28.80115,26.78431,3.68978,1.39291,0.41273,2.14,2.14,3.21,2.29,3.21,0.0,3.21,0.0,https://secdocumentstorage.blob.core.windows.net/fundfactsheet/M0819_2555.pdf
RMF,KTAM,KT-PIF RMF,กองทุนเปิดกรุงไทย พร็อพเพอร์ตี้ แอนด์ อินฟราสตรัคเจอร์ เฟล็กซิเบิ้ล เพื่อการเลี้ยงชีพ,กองทุนรวมอสังหาริมทรัพย์ และทรัสต์เพื่อการลงทุนในอสังหาริมทรัพย์ผสมไทยและต่างประเทศ,Fund of Property fund - Thai and Foreign,2,11.3805,2026-10-02,1.84166,5.02976,3.67793,-1.02116,,3.21,1.57,5.35,2.01,2.0,0.0,2.0,0.0,https://secdocumentstorage.blob.core.windows.net/fundfactsheet/M0494_2559.pdf
RMF,UOBAM,CPRMF3,กองทุนเปิด คุ้มครองเงินต้นเพื่อการเลี้ยงชีพ 3,อื่นๆ,Miscellaneous,5,16.9551,2026-10-02,1.37033,1.44311,3.61968,1.4645,1.07567,1.07,0.0,5.35,0.1,1.0,0.0,1.0,0.0,https://secdocumentstorage.blob.core.windows.net/fundfactsheet/M0704_2547.pdf
RMF,BBLAM,BCAP-2030 RMF,กองทุนเปิดบีแคป โกลบอล ทาร์เก็ต เดท 2030 เพื่อการเลี้ยงชีพ,กองทุนรวมแบบผสมเสี่ยงต่ำ (Conservative),Conservative Allocation,2,11.2576,2026-09-30,2.65726,2.92004,3.58989,0.71117,,1.1,0.86,2.14,1.09,1.07,0.0,1.0,1.0,https://secdocumentstorage.blob.core.windows.net/fundfactsheet/M0037_2563.pdf
RMF,MFC,MHEALTHRMF,กองทุนเปิดเอ็มเอฟซี เฮลธ์ อินโนเวชั่น เพื่อการเลี้ยงชีพ,หุ้นกลุ่มอุตสาหกรรมการดูแลสุขภาพ,Health Care,5,10.8857,2026-10-01,2.33037,9.65087,3.57945,,,1.6,1.6,2.85,1.93,1.0,0.5,1.0,0.0,https://secdocumentstorage.blob.core.windows.net/fundfactsheet/M0396_2565.pdf
RMF,BBLAM,BMAPS25RMF,กองทุนเปิดบัวหลวงบีแมพส์ 25 เพื่อการเลี้ยงชีพ,กองทุนรวมแบบผสมเสี่ยงต่ำ (Conservative),Conservative Allocation,2,10.9615,2026-09-30,2.54647,2.92682,3.548,,,1.34,0.8,2.68,1.02,1.0,0.0,1.0,0.0,https://secdocumentstorage.blob.core.windows.net/fundfactsheet/M0178_2565.pdf
RMF,KKPAM,KKP INRMF,กองทุนเปิดเคเคพี อินคัมเพื่อการเลี้ยงชีพ,ตราสารหนี้ระยะกลาง,Mid Term General Bond,2,17.1119,2026-10-02,1.19098,1.78929,3.53412,2.73409,2.49762,0.4,0.3,0.65,0.41,0.0,0.0,0.0,0.0,https://secdocumentstorage.blob.core.windows.net/fundfactsheet/M0414_2547.pdf
RMF,SCBAM,SCBRM4,กองทุนเปิดไทยพาณิชย์หุ้นทุนเพื่อการเลี้ยงชีพ,หุ้นไทยขนาดใหญ่,Equity Large Cap,4,57.5116,2026-10-02,29.15451,25.0747,3.5248,0.53394,1.72624,2.14,1.61,3.38,1.8,3.21,0.0,,,https://secdocumentstorage.blob.core.windows.net/fundfactsheet/M0081_2544.pdf
RMF,KASSET,K-VALUERMF,กองทุนเปิดเค หุ้นปันผลเพื่อการเลี้ยงชีพ,หุ้นไทยขนาดใหญ่,Equity Large Cap,4,33.9021,2026-10-02,32.28642,32.76926,3.51281,0.73426,2.65968,1.87,1.87,2.43,2.04,,,2.0,0.0,https://secdocumentstorage.blob.core.windows.net/fundfactsheet/M0405_2549.pdf
RMF,KASSET,K-FIRMF,กองทุนเปิดเค ตราสารหนี้เพื่อการเลี้ยงชีพ,ตราสารหนี้ระยะยาว,Long Term General Bond,3,17.6642,2026-10-02,0.30379,0.47095,3.50887,2.26097,2.0948,0.8,0.48,1.36,0.65,,,2.0,0.0,https://secdocumentstorage.blob.core.windows.net/fundfactsheet/M0065_2544.pdf
RMF,KTAM,KSRMF,กองทุนเปิดกรุงไทยชาริอะฮ์เพื่อการเลี้ยงชีพ,หุ้นไทยทั่วไป,Equity General,4,25.0629,2026-10-02,36.11377,33.16526,3.41513,2.53367,1.75507,1.61,1.61,3.75,1.86,,,,,https://secdocumentstorage.blob.core.windows.net/fundfactsheet/M0380_2549.pdf
RMF,KSAM,KFESGRMF,กองทุนเปิดกรุงศรี Equity Sustainable Global Growth เพื่อการเลี้ยงชีพ,หุ้นทั่วโลก - ป้องกันความเสี่ยงอัตราแลกเปลี่ยนเต็มที่,Global Equity Fully FX Risk Hedge,,10.8454,2026-10-01,-1.75022,-5.34813,3.41348,,,2.14,1.34,4.65,1.59,2.0,0.0,2.0,0.0,https://secdocumentstorage.blob.core.windows.net/fundfactsheet/M0402_2565.pdf
RMF,KKPAM,KKP PROPRMF,กองทุนเปิดเคเคพี พร็อพเพอร์ตี้ เซคเตอร์ เพื่อการเลี้ยงชีพ,กองทุนรวมอสังหาริมทรัพย์ และทรัสต์เพื่อการลงทุนในอสังหาริมทรัพย์ผสมไทยและต่างประเทศ,Fund of Property fund - Thai and Foreign,2,17.7082,2026-10-01,-0.98466,1.20417,3.35199,-1.59151,0.00627,2.14,1.07,4.28,1.29,1.0,0.0,1.0,0.5,https://secdocumentstorage.blob.core.windows.net/fundfactsheet/M0847_2554.pdf
RMF,KSAM,KFGOODRMF,กองทุนเปิดกรุงศรีชีวิตดีเว่อร์เพื่อการเลี้ยงชีพ,กองทุนรวมแบบผสมเสี่ยงต่ำ (Conservative),Conservative Allocation,2,10.2041,2026-10-02,6.66158,6.85929,3.34495,1.04365,,2.68,1.23,5.08,1.43,1.5,0.0,1.5,0.0,https://secdocumentstorage.blob.core.windows.net/fundfactsheet/M0331_2561.pdf
RMF,KTAM,KT25/75RMF,กองทุนเปิดกรุงไทย คอนเซอเวทีฟ 25/75 เพื่อการเลี้ยงชีพ,กองทุนรวมแบบผสมเสี่ยงต่ำ (Conservative),Conservative Allocation,2,13.3817,2026-10-02,5.78335,5.22852,3.30387,1.68321,1.80568,2.14,0.96,3.75,1.22,1.5,0.0,1.5,0.0,https://secdocumentstorage.blob.core.windows.net/fundfactsheet/M1150_2557.pdf
RMF,SCBAM,SCBRM2,กองทุนเปิดไทยพาณิชย์พันธบัตรรัฐบาลเพื่อการเลี้ยงชีพ,อื่นๆ,Miscellaneous,5,15.8739,2026-10-02,-0.49458,-0.78502,3.2949,1.82929,1.68545,1.07,0.54,2.31,0.74,3.21,0.0,,,https://secdocumentstorage.blob.core.windows.net/fundfactsheet/M0074_2544.pdf
RMF,KSAM,KFHAPPYRMF,กองทุนเปิดกรุงศรีชีวิตดี๊ดีเพื่อการเลี้ยงชีพ,กองทุนรวมแบบผสมเสี่ยงต่ำ (Conservative),Conservative Allocation,2,10.8007,2026-10-02,3.03062,3.24533,3.25016,1.42094,,2.68,0.8,5.08,0.99,1.5,0.0,1.5,0.0,https://secdocumentstorage.blob.core.windows.net/fundfactsheet/M0489_2560.pdf
RMF,KKPAM,KKP EQRMF,กองทุนเปิดเคเคพี หุ้นทุนเพื่อการเลี้ยงชีพ,หุ้นไทยทั่วไป,Equity General,4,44.507,2026-10-02,27.59303,24.33616,3.22691,0.3694,2.57349,1.34,1.34,1.65,1.46,0.0,0.0,0.0,0.0,https://secdocumentstorage.blob.core.windows.net/fundfactsheet/M0426_2547.pdf
RMF,TISCOAM,TVIETNAMRMF-P,กองทุนเปิด ทิสโก้ เวียดนาม อิควิตี้ เพื่อการเลี้ยงชีพ ชนิดรองรับกองทุนสํารองเลี้ยงชีพ,หุ้นเวียดนาม,Vietnam Equity,,12.7887,2026-09-30,2.46453,1.99057,3.18156,,,3.0,1.61,5.0,1.89,2.5,0.0,2.5,0.0,https://secdocumentstorage.blob.core.windows.net/fundfactsheet/M0577_2565.pdf
RMF,TISCOAM,TVIETNAMRMF-A,กองทุนเปิด ทิสโก้ เวียดนาม อิควิตี้ เพื่อการเลี้ยงชีพ ชนิดผู้ลงทุนทั่วไป,หุ้นเวียดนาม,Vietnam Equity,,12.7887,2026-09-30,2.46617,1.99139,3.18126,,,3.0,1.61,5.0,1.89,2.5,0.0,2.5,0.0,https://secdocumentstorage.blob.core.windows.net/fundfactsheet/M0577_2565.pdf
RMF,KSAM,KFSUPERRMF,กองทุนเปิดกรุงศรีชีวิตดีเริ่ดเพื่อการเลี้ยงชีพ,กองทุนรวมแบบผสมสมดุล (Moderate),Moderate Allocation,3,8.9635,2026-10-02,11.0031,10.62362,3.13332,0.38118,,2.68,1.71,5.08,1.94,1.5,0.0,1.5,0.0,https://secdocumentstorage.blob.core.windows.net/fundfactsheet/M0517_2561.pdf
RMF,KASSET,K-GHRMF,กองทุนเปิดเค โกลบอล เฮลท์แคร์ หุ้นทุนเพื่อการเลี้ยงชีพ,หุ้นกลุ่มอุตสาหกรรมการดูแลสุขภาพ,Health Care,5,13.8965,2026-09-30,1.57147,12.90716,3.10623,-0.67921,5.26537,2.68,1.6,4.01,1.74,,,3.0,0.0,https://secdocumentstorage.blob.core.windows.net/fundfactsheet/M0410_2558.pdf
RMF,UOBAM,CPRMF1,กองทุนเปิด คุ้มครองเงินต้นเพื่อการเลี้ยงชีพ 1,อื่นๆ,Miscellaneous,5,17.7874,2026-10-02,2.1466,2.27581,3.00146,1.17541,0.95957,1.07,0.0,5.35,0.12,1.0,0.0,1.0,0.0,https://secdocumentstorage.blob.core.windows.net/fundfactsheet/M0180_2545.pdf
RMF,EASTSPRING,ES-GPROPRMF,กองทุนเปิดอีสท์สปริง Global Property เพื่อการเลี้ยงชีพ,กองทุนรวมอสังหาริมทรัพย์ต่างประเทศ,Fund of Property fund - Foreign,2,8.8839,2026-10-01,-1.83319,-2.15754,2.9904,-4.58596,,2.14,1.07,2.51,1.22,,,,,https://secdocumentstorage.blob.core.windows.net/fundfactsheet/M0650_2560.pdf
RMF,PRINCIPAL,PRINCIPAL FIRMF,กองทุนเปิดพรินซิเพิล ตราสารหนี้เพื่อการเลี้ยงชีพ,ตราสารหนี้ระยะกลาง,Mid Term General Bond,2,15.3754,2026-10-02,0.42586,0.79189,2.95555,1.8512,1.71491,0.81,0.684,2.12,0.741,1.07,0.0,1.07,0.0,https://secdocumentstorage.blob.core.windows.net/fundfactsheet/M0420_2548.pdf
RMF,SCBAM,SCBRMCTECH,กองทุนเปิดไทยพาณิชย์ China Technology เพื่อการเลี้ยงชีพ,หุ้นจีน,Greater China Equity,4,5.2095,2026-10-01,-17.36461,-26.99692,2.93764,-10.83223,,1.07,0.75,2.36,0.85,3.21,0.0,3.21,0.0,https://secdocumentstorage.blob.core.windows.net/fundfactsheet/M0295_2564.pdf
RMF,KSAM,KFMTFIRMF,กองทุนเปิดกรุงศรีตราสารหนี้ระยะกลางเพื่อการเลี้ยงชีพ,ตราสารหนี้ระยะกลาง,Mid Term General Bond,2,15.5675,2026-10-02,0.19179,0.26148,2.91115,1.90415,1.88709,0.91,0.32,1.24,0.42,1.5,0.0,1.5,0.0,https://secdocumentstorage.blob.core.windows.net/fundfactsheet/M0105_2545.pdf
RMF,KASSET,K-GBRMF,กองทุนเปิดเค พันธบัตรเพื่อการเลี้ยงชีพ,ตราสารหนี้ระยะยาว,Long Term General Bond,3,15.9695,2026-10-02,-0.39979,-0.55918,2.90235,1.58519,1.56343,0.8,0.43,1.36,0.59,,,2.0,0.0,https://secdocumentstorage.blob.core.windows.net/fundfactsheet/M0064_2544.pdf
RMF,BBLAM,BFRMF,กองทุนเปิดบัวหลวงตราสารหนี้เพื่อการเลี้ยงชีพ,ตราสารหนี้ระยะกลาง,Mid Term General Bond,2,16.4993,2026-10-02,0.2211,0.2278,2.85465,1.74908,1.49294,0.67,0.32,2.14,0.46,0.5,0.0,0.5,0.0,https://secdocumentstorage.blob.core.windows.net/fundfactsheet/M0062_2545.pdf
RMF,UOBAM,UOBEQRMF,กองทุนเปิด ยูโอบี ตราสารทุนเพื่อการเลี้ยงชีพ,หุ้นไทยทั่วไป,Equity General,4,86.6021,2026-10-02,30.06443,25.49847,2.85166,0.9797,1.69492,1.87,1.87,2.62,2.0,0.25,0.0,0.25,0.0,https://secdocumentstorage.blob.core.windows.net/fundfactsheet/M0089_2545.pdf
RMF,KSAM,KFLTGOVRMF,กองทุนเปิดกรุงศรีพันธบัตรระยะยาวเพื่อการเลี้ยงชีพ,ตราสารหนี้ระยะยาว,Long Term General Bond,3,15.4623,2026-10-02,-2.51986,-3.61063,2.83817,1.37001,1.62522,0.91,0.32,1.24,0.42,1.5,0.0,1.5,0.0,https://secdocumentstorage.blob.core.windows.net/fundfactsheet/M0107_2545.pdf
RMF,KSAM,KFAFIXRMF,กองทุนเปิดกรุงศรีแอคทีฟตราสารหนี้เพื่อการเลี้ยงชีพ,ตราสารหนี้ระยะกลาง,Mid Term General Bond,2,11.9001,2026-10-02,0.02185,0.03362,2.83306,1.89187,,1.6,0.32,2.94,0.41,1.0,0.0,1.0,0.0,https://secdocumentstorage.blob.core.windows.net/fundfactsheet/M0077_2561.pdf
RMF,EASTSPRING,ES-ABRMF,กองทุนเปิดอีสท์สปริง ธนไพบูลย์ เพื่อการเลี้ยงชีพ,ตราสารหนี้ระยะกลาง,Mid Term General Bond,2,11.8819,2026-10-02,0.50243,0.83164,2.77591,1.89136,,0.8,0.32,1.07,0.46,,,,,https://secdocumentstorage.blob.core.windows.net/fundfactsheet/M0541_2559.pdf
RMF,KTAM,KT-ESG RMF,กองทุนเปิดกรุงไทย ก่อการดี เพื่อการเลี้ยงชีพ,หุ้นไทยทั่วไป,Equity General,4,10.6912,2026-10-02,30.52056,28.80964,2.75296,-0.8699,,2.14,0.64,5.35,0.84,3.21,0.0,3.21,0.0,https://secdocumentstorage.blob.core.windows.net/fundfactsheet/M0615_2562.pdf
RMF,KTAM,RMF2,กองทุนเปิดกรุงไทยตราสารหนี้เพื่อการเลี้ยงชีพ,ตราสารหนี้ระยะกลาง,Mid Term General Bond,2,16.9275,2026-10-02,0.33192,0.34322,2.75221,1.66843,1.62313,0.8,0.54,1.87,0.67,,,,,https://secdocumentstorage.blob.core.windows.net/fundfactsheet/M0112_2545.pdf
RMF,KTAM,RMF3,กองทุนเปิดกรุงไทยตราสารหนี้ภาครัฐเพื่อการเลี้ยงชีพ,ตราสารหนี้ระยะยาว,Long Term General Bond,3,15.5276,2026-10-02,-0.10294,-0.41878,2.75174,1.48741,1.27601,0.7,0.54,1.87,0.67,,,,,https://secdocumentstorage.blob.core.windows.net/fundfactsheet/M0186_2548.pdf
RMF,KSAM,KFHCARERMF,กองทุนเปิดกรุงศรีโกลบอลเฮลธ์แคร์อิควิตี้เพื่อการเลี้ยงชีพ,หุ้นกลุ่มอุตสาหกรรมการดูแลสุขภาพ,Health Care,5,14.3397,2026-10-01,-0.44226,7.66753,2.72818,-0.72658,3.59731,2.14,1.34,4.65,1.54,2.0,0.0,2.0,0.0,https://secdocumentstorage.blob.core.windows.net/fundfactsheet/M1094_2557.pdf
RMF,UOBAM,ERMF,กองทุนเปิด หุ้นทุนเพื่อการเลี้ยงชีพ,หุ้นไทยทั่วไป,Equity General,4,96.0071,2026-10-02,30.31376,25.36117,2.70371,1.68169,0.99096,1.61,1.61,5.35,1.75,1.0,0.0,1.0,0.0,https://secdocumentstorage.blob.core.windows.net/fundfactsheet/M0181_2545.pdf
RMF,UOBAM,CPRMF2,กองทุนเปิด คุ้มครองเงินต้นเพื่อการเลี้ยงชีพ 2,อื่นๆ,Miscellaneous,5,16.4937,2026-10-02,1.56657,1.67865,2.63743,1.28937,1.34777,1.07,0.0,5.35,0.1,1.0,0.0,1.0,0.0,https://secdocumentstorage.blob.core.windows.net/fundfactsheet/M0078_2546.pdf
RMF,MFC,M-FIX,กองทุนเปิดเอ็มเอฟซีตราสารหนี้เพื่อการเลี้ยงชีพ,ตราสารหนี้ระยะกลาง,Mid Term General Bond,2,15.5514,2026-10-02,0.41389,0.68433,2.63693,1.58168,1.474,1.6,1.6,2.85,1.93,1.0,0.5,1.0,0.0,https://secdocumentstorage.blob.core.windows.net/fundfactsheet/M0057_2545.pdf
RMF,ASP,ASP-FRF,กองทุนรวมแอสเซทพลัสตราสารหนี้เพื่อการเลี้ยงชีพ,ตราสารหนี้ระยะกลาง,Mid Term General Bond,2,16.751,2026-10-02,1.05574,1.19249,2.59235,1.87901,1.70376,1.07,0.3,3.21,0.37,1.0,0.0,1.0,0.0,https://secdocumentstorage.blob.core.windows.net/fundfactsheet/M0787_2547.pdf
RMF,LHFUND,LHGOVRMF,กองทุนเปิด แอล เอช พันธบัตรเพื่อการเลี้ยงชีพ,ตราสารหนี้ระยะยาว,Long Term General Bond,3,11.8415,2026-10-02,-0.90629,-1.269,2.56069,1.35033,1.21375,1.61,0.171,2.14,0.322,1.07,0.0,1.07,0.0,https://secdocumentstorage.blob.core.windows.net/fundfactsheet/M0890_2555.pdf
RMF,EASTSPRING,ES-BRMF,กองทุนเปิดอีสท์สปริง ธนไพศาล เพื่อการเลี้ยงชีพ,ตราสารหนี้ระยะกลาง,Mid Term General Bond,2,14.0767,2026-10-02,0.26997,0.58234,2.5542,1.81176,1.80362,0.8,0.42,1.07,0.56,,,,,https://secdocumentstorage.blob.core.windows.net/fundfactsheet/M0576_2553.pdf
RMF,UOBAM,CPRMF5,กองทุนเปิด คุ้มครองเงินต้นเพื่อการเลี้ยงชีพ 5,อื่นๆ,Miscellaneous,5,16.2316,2026-10-02,1.43165,1.68774,2.52076,0.71598,0.79296,1.07,0.0,5.35,0.1,1.0,0.0,1.0,0.0,https://secdocumentstorage.blob.core.windows.net/fundfactsheet/M0382_2549.pdf
RMF,PRINCIPAL,PRINCIPAL BARMF,กองทุนเปิดพรินซิเพิล บาลานซ์ แอลโลเคชั่นเพื่อการเลี้ยงชีพ,กองทุนรวมแบบผสมสมดุล (Moderate),Moderate Allocation,3,12.8789,2026-10-01,10.23152,9.37123,2.44531,0.81676,1.05796,1.61,1.07,2.14,2.549,,,,,https://secdocumentstorage.blob.core.windows.net/fundfactsheet/M0805_2554.pdf
RMF,TISCOAM,TFIRMF-B,กองทุนเปิด ทิสโก้ ตราสารหนี้เพื่อการเลี้ยงชีพ ชนิดหน่วยลงทุน B,ตราสารหนี้ระยะกลาง,Mid Term General Bond,2,16.5604,2026-10-02,0.52629,0.52568,2.43383,1.61536,1.4722,0.54,0.18,1.61,0.35,1.0,0.0,1.0,0.0,https://secdocumentstorage.blob.core.windows.net/fundfactsheet/M0095_2545.pdf
RMF,KTAM,KT-VIETNAM RMF,กองทุนเปิดเคแทม เวียดนาม อิควิตี้ เพื่อการเลี้ยงชีพ,หุ้นเวียดนาม,Vietnam Equity,,11.5757,2026-10-02,-5.36234,-7.01054,2.38674,,,2.14,1.61,5.35,2.35,3.21,0.0,3.21,0.0,https://secdocumentstorage.blob.core.windows.net/fundfactsheet/M0492_2565.pdf
RMF,UOBAM,UGQGRMF,กองทุนเปิด ยูไนเต็ด โกลบอล ควอลิตี้ โกรท ฟันด์ เพื่อการเลี้ยงชีพ,หุ้นทั่วโลก,Global Equity,4,13.3463,2026-10-01,-2.28504,-3.3073,2.37779,-3.28466,,2.14,1.44,5.35,1.69,2.0,0.0,2.0,0.0,https://secdocumentstorage.blob.core.windows.net/fundfactsheet/M0398_2561.pdf
RMF,TISCOAM,TCIRMF,กองทุนเปิด ทิสโก้ ไชน่า อินเดีย เพื่อการเลี้ยงชีพ,หุ้นเอเซีย แปซิฟิค ยกเว้นญี่ปุ่น,Asia Pacific Ex Japan,4,6.3414,2026-10-01,-14.78789,-17.25191,2.36413,-3.29084,0.47501,2.14,1.34,3.75,1.66,1.0,0.0,1.0,0.0,https://secdocumentstorage.blob.core.windows.net/fundfactsheet/M0512_2550.pdf
RMF,TISCOAM,TCHTECHRMF-P,กองทุนเปิด ทิสโก้ ไชน่า เทคโนโลยี เพื่อการเลี้ยงชีพ ชนิดรองรับกองทุนสำรองเลี้ยงชีพ,หุ้นจีน,Greater China Equity,4,4.5144,2026-10-01,-17.17305,-26.90888,2.36319,-11.12095,,3.0,1.07,5.0,1.36,2.5,0.0,2.5,0.0,https://secdocumentstorage.blob.core.windows.net/fundfactsheet/M0552_2563.pdf
RMF,TISCOAM,TCHTECHRMF-A,กองทุนเปิด ทิสโก้ ไชน่า เทคโนโลยี เพื่อการเลี้ยงชีพ ชนิดผู้ลงทุนทั่วไป,หุ้นจีน,Greater China Equity,4,4.541,2026-10-01,-17.17282,-26.91014,2.35996,-11.12169,,3.0,1.07,5.0,1.35,2.5,0.0,2.5,0.0,https://secdocumentstorage.blob.core.windows.net/fundfactsheet/M0552_2563.pdf
RMF,TISCOAM,TFIRMF-P,กองทุนเปิด ทิสโก้ ตราสารหนี้เพื่อการเลี้ยงชีพ ชนิดหน่วยลงทุน PVD,ตราสารหนี้ระยะกลาง,Mid Term General Bond,2,16.2672,2026-10-02,0.46132,0.43961,2.34623,1.52839,1.35118,0.8,0.27,1.61,0.43,1.0,0.0,1.0,0.0,https://secdocumentstorage.blob.core.windows.net/fundfactsheet/M0095_2545.pdf
RMF,TISCOAM,TFIRMF-A,กองทุนเปิด ทิสโก้ ตราสารหนี้เพื่อการเลี้ยงชีพ ชนิดหน่วยลงทุน A,ตราสารหนี้ระยะกลาง,Mid Term General Bond,2,16.2663,2026-10-02,0.46135,0.43964,2.34614,1.52794,1.35062,0.8,0.27,1.61,0.43,1.0,0.0,1.0,0.0,https://secdocumentstorage.blob.core.windows.net/fundfactsheet/M0095_2545.pdf
RMF,UOBAM,GBRMF,กองทุนเปิด พันธบัตรเพื่อการเลี้ยงชีพ,พันธบัตรรัฐบาลระยะกลาง,Mid Term Government Bond,,15.6286,2026-10-02,-0.10993,-0.02942,2.3278,1.66947,1.22128,0.93,0.16,2.14,0.29,1.0,0.0,1.0,0.0,https://secdocumentstorage.blob.core.windows.net/fundfactsheet/M0178_2545.pdf
RMF,KTAM,KT-PROPERTY RMF,กองทุนเปิดเคแทม เวิลด์ พร็อพเพอร์ตี้ เพื่อการเลี้ยงชีพ,กองทุนรวมอสังหาริมทรัพย์ต่างประเทศ,Fund of Property fund - Foreign,2,13.4685,2026-10-01,0.77516,-1.15443,2.3199,-5.11194,0.65291,1.87,1.34,4.84,1.56,3.21,0.0,1.07,0.0,https://secdocumentstorage.blob.core.windows.net/fundfactsheet/M0824_2555.pdf
RMF,UOBAM,CG-RMF,กองทุนเปิด บรรษัทภิบาล เพื่อการเลี้ยงชีพ,หุ้นไทยทั่วไป,Equity General,4,11.5662,2026-10-02,28.29665,23.70929,2.29553,0.96103,,2.14,1.61,5.35,1.76,2.0,0.0,1.0,0.0,https://secdocumentstorage.blob.core.windows.net/fundfactsheet/M0607_2559.pdf
RMF,BBLAM,B-VIETNAMRMF,กองทุนเปิดบัวหลวงหุ้นเวียดนามเพื่อการเลี้ยงชีพ,หุ้นเวียดนาม,Vietnam Equity,,10.4158,2026-10-02,-3.23216,-2.12554,2.27773,,,2.14,1.61,3.53,1.78,1.0,0.0,1.0,0.0,https://secdocumentstorage.blob.core.windows.net/fundfactsheet/M0439_2564.pdf
RMF,KASSET,K-SFRMF,กองทุนเปิดเค ตราสารหนี้ระยะสั้นเพื่อการเลี้ยงชีพ,ตราสารหนี้ระยะสั้น,Short Term General Bond,1,15.319,2026-10-02,0.8353,1.17094,2.19918,1.65722,1.52648,0.8,0.37,1.36,0.54,,,2.0,0.0,https://secdocumentstorage.blob.core.windows.net/fundfactsheet/M0063_2544.pdf
RMF,MFC,M-BOND,กองทุนเปิดเอ็มเอฟซีพันธบัตรเพื่อการเลี้ยงชีพ,ตราสารหนี้ระยะกลาง,Mid Term General Bond,2,14.2431,2026-10-02,0.04355,0.2901,2.1588,1.26217,1.17723,1.6,1.6,2.85,1.93,1.0,0.5,1.0,0.0,https://secdocumentstorage.blob.core.windows.net/fundfactsheet/M0082_2545.pdf
RMF,ONEAM,F-RMF,กองทุนเปิด ตราสารหนี้คุณค่า เพื่อการเลี้ยงชีพ,ตราสารหนี้ระยะสั้น,Short Term General Bond,1,17.0446,2026-10-02,0.70843,0.96615,2.13543,1.61577,1.26546,0.93,0.54,4.28,0.68,0.27,0.0,0.27,0.0,https://secdocumentstorage.blob.core.windows.net/fundfactsheet/M0069_2544.pdf
RMF,BBLAM,B25RMF,กองทุนเปิดบัวหลวงหุ้น 25% เพื่อการเลี้ยงชีพ,กองทุนรวมแบบผสมเสี่ยงต่ำ (Conservative),Conservative Allocation,2,15.9427,2026-10-02,6.08664,5.53327,2.13174,0.87427,0.92551,1.34,0.8,2.94,0.96,1.0,0.0,1.0,0.0,https://secdocumentstorage.blob.core.windows.net/fundfactsheet/M0991_2550.pdf
RMF,SCBAM,SCBRM1,กองทุนเปิดไทยพาณิชย์ตราสารหนี้ระยะสั้นเพื่อการเลี้ยงชีพ,ตราสารหนี้ระยะสั้น,Short Term General Bond,1,15.3927,2026-10-02,0.68419,1.03114,2.11202,1.54443,1.42765,0.8,0.47,1.93,0.66,3.21,0.0,,,https://secdocumentstorage.blob.core.windows.net/fundfactsheet/M0079_2544.pdf
RMF,KSAM,KFGOVRMF,กองทุนเปิดกรุงศรีพันธบัตรเพื่อการเลี้ยงชีพ,พันธบัตรรัฐบาลระยะกลาง,Mid Term Government Bond,,15.8737,2026-10-02,-0.7962,-0.95713,2.08547,1.14059,1.16335,0.91,0.32,1.11,0.45,1.0,0.0,1.0,0.0,https://secdocumentstorage.blob.core.windows.net/fundfactsheet/M0133_2545.pdf
RMF,BBLAM,B-INDIAMRMF,กองทุนเปิดบัวหลวงหุ้นอินเดียมิดแคปเพื่อการเลี้ยงชีพ,หุ้นอินเดีย,India Equity,4,14.5103,2026-10-01,-4.047,-4.94897,2.07341,1.40357,,1.07,1.07,2.41,1.24,1.0,0.0,1.0,0.0,https://secdocumentstorage.blob.core.windows.net/fundfactsheet/M0452_2560.pdf
RMF,UOBAM,UGISRMF,กองทุนเปิด ยูไนเต็ด โกลบอล อินคัม สตราทีจิค บอนด์ ฟันด์ เพื่อการเลี้ยงชีพ,ตราสารหนี้ทั่วโลก แบบป้องกันความเสี่ยงอัตราแลกเปลี่ยนตามดุลยพินิจของผู้จัดการกองทุน,Global Bond Discretionary F/X Hedge or Unhedge,2,10.5327,2026-10-01,-5.39888,-4.39767,2.04319,-1.06564,,2.14,0.75,5.35,0.85,2.0,0.0,1.0,0.0,https://secdocumentstorage.blob.core.windows.net/fundfactsheet/M0510_2560.pdf
RMF,EASTSPRING,ES-GOVRMF,กองทุนเปิดอีสท์สปริง Government Bonds เพื่อการเลี้ยงชีพ,พันธบัตรรัฐบาลระยะกลาง,Mid Term Government Bond,,16.7215,2026-10-02,-0.78087,-0.92959,1.96904,1.18631,1.02931,0.8,0.18,2.14,0.34,3.21,0.0,3.21,0.0,https://secdocumentstorage.blob.core.windows.net/fundfactsheet/M0071_2544.pdf
RMF,SCBAM,SCBRMVIET(A),กองทุนเปิดไทยพาณิชย์ หุ้นเวียดนาม เพื่อการเลี้ยงชีพ (ชนิดสะสมมูลค่า),หุ้นเวียดนาม,Vietnam Equity,,7.9195,2026-10-02,-3.45252,-3.73067,1.91958,,,1.61,1.61,2.9,1.7,3.21,0.0,3.21,0.0,https://secdocumentstorage.blob.core.windows.net/fundfactsheet/M0548_2564.pdf
RMF,UOBAM,UOBGBRMF,กองทุนเปิด ยูโอบี พันธบัตรเพื่อการเลี้ยงชีพ,ตราสารหนี้ระยะยาว,Long Term General Bond,3,16.21,2026-10-02,-2.3641,-2.8975,1.91144,1.37366,1.32147,0.8,0.21,1.55,0.34,0.25,0.0,0.25,0.0,https://secdocumentstorage.blob.core.windows.net/fundfactsheet/M0083_2545.pdf
RMF,BBLAM,IN-RMF,กองทุนเปิดบัวหลวงโครงสร้างพื้นฐานเพื่อการเลี้ยงชีพ,หุ้นไทยทั่วไป,Equity General,4,28.3744,2026-10-02,33.92426,31.26937,1.90586,0.64241,1.86458,1.61,1.61,2.94,1.77,1.0,0.0,1.0,0.0,https://secdocumentstorage.blob.core.windows.net/fundfactsheet/M0259_2551.pdf
RMF,TISCOAM,TSFIRMF,กองทุนเปิด ทิสโก้ ตราสารหนี้มั่นคงเพื่อการเลี้ยงชีพ,พันธบัตรรัฐบาลระยะกลาง,Mid Term Government Bond,,14.9656,2026-10-02,0.09832,0.01403,1.90187,1.32782,1.22119,0.8,0.27,1.61,0.44,0.25,0.0,0.25,0.0,https://secdocumentstorage.blob.core.windows.net/fundfactsheet/M0059_2544.pdf
RMF,ASP,ASP-ERF,กองทุนเปิดแอสเซทพลัสตราสารทุนเพื่อการเลี้ยงชีพ,หุ้นไทยทั่วไป,Equity General,4,37.8572,2026-10-02,35.38415,32.29336,1.86927,1.53686,4.2042,2.14,1.61,5.35,1.71,1.0,0.0,1.0,0.0,https://secdocumentstorage.blob.core.windows.net/fundfactsheet/M0776_2547.pdf
RMF,UOBAM,SVRMF,กองทุนเปิด ออมทรัพย์เพื่อการเลี้ยงชีพ,ตราสารหนี้ระยะสั้น,Short Term General Bond,1,14.1332,2026-10-02,0.74418,1.08356,1.86564,1.37496,0.89436,0.51,0.26,2.14,0.38,1.0,0.0,1.0,0.0,https://secdocumentstorage.blob.core.windows.net/fundfactsheet/M0766_2547.pdf
RMF,EASTSPRING,ES-GINCOMERMF,กองทุนเปิดอีสท์สปริง Global Income เพื่อการเลี้ยงชีพ,ตราสารหนี้ทั่วโลก แบบป้องกันความเสี่ยงอัตราแลกเปลี่ยนตามดุลยพินิจของผู้จัดการกองทุน,Global Bond Discretionary F/X Hedge or Unhedge,2,11.4755,2026-10-01,-5.27154,-4.22797,1.82584,-1.09049,1.25504,1.71,0.8,2.08,1.09,,,,,https://secdocumentstorage.blob.core.windows.net/fundfactsheet/M0258_2559.pdf
RMF,KSAM,KF-SINCOMERMF,กองทุนเปิดกรุงศรีโกลบอลสมาร์ทอินคัมเพื่อการเลี้ยงชีพ,ตราสารหนี้ทั่วโลก แบบป้องกันความเสี่ยงอัตราแลกเปลี่ยนเต็มจำนวน,Global Bond Fully F/X Hedge,2,11.1259,2026-10-01,-5.76622,-4.72932,1.81769,-1.10614,,2.14,0.86,4.65,1.05,2.0,0.0,2.0,0.0,https://secdocumentstorage.blob.core.windows.net/fundfactsheet/M0550_2559.pdf
RMF,KKPAM,KKP BLRMF,กองทุนเปิดเคเคพี บาลานซ์เพื่อการเลี้ยงชีพ,กองทุนรวมแบบผสมเชิงรุก (Aggressive),Aggressive Allocation,4,30.4156,2026-10-02,14.83782,14.42394,1.80607,0.37754,1.35267,1.34,1.34,1.65,1.46,0.0,0.0,0.0,0.0,https://secdocumentstorage.blob.core.windows.net/fundfactsheet/M0423_2547.pdf
RMF,KKPAM,KKP MMRMF,กองทุนเปิดเคเคพี ตลาดเงินเพื่อการเลี้ยงชีพ,ตลาดเงินภาครัฐ,Money Market Government,1,12.594,2026-10-02,0.71896,1.06409,1.77469,1.41774,1.0984,1.07,0.16,1.96,0.21,0.0,0.0,0.0,0.0,https://secdocumentstorage.blob.core.windows.net/fundfactsheet/M0669_2552.pdf
RMF,TISCOAM,TFPRMF-A,กองทุนเปิด ทิสโก้พลทรัพย์เพื่อการเลี้ยงชีพ (A),กองทุนรวมแบบผสมเชิงรุก (Aggressive),Aggressive Allocation,4,65.9647,2026-10-02,22.6917,19.3456,1.74216,0.13856,1.67836,1.18,1.24,2.68,1.44,1.0,0.0,1.0,0.0,https://secdocumentstorage.blob.core.windows.net/fundfactsheet/M0074_2545.pdf
RMF,TISCOAM,TFPRMF-P,กองทุนเปิด ทิสโก้พลทรัพย์เพื่อการเลี้ยงชีพ (P),กองทุนรวมแบบผสมเชิงรุก (Aggressive),Aggressive Allocation,4,65.9648,2026-10-02,22.69165,19.34556,1.74215,0.13856,1.67838,1.18,1.24,2.68,1.43,1.0,0.0,1.0,0.0,https://secdocumentstorage.blob.core.windows.net/fundfactsheet/M0074_2545.pdf
RMF,UOBAM,UOBSVRMF,กองทุนเปิด ยูโอบี ออมทรัพย์เพื่อการเลี้ยงชีพ,ตราสารหนี้ระยะสั้น,Short Term General Bond,1,13.4538,2026-10-02,0.78659,1.1351,1.71204,1.16592,0.19594,0.8,0.21,1.55,0.35,0.25,0.0,0.25,0.0,https://secdocumentstorage.blob.core.windows.net/fundfactsheet/M0088_2545.pdf
RMF,EASTSPRING,ES-MMRMF,กองทุนเปิดอีสท์สปริง ตลาดเงิน เพื่อการเลี้ยงชีพ,ตลาดเงินทั่วไป,Money Market General,1,14.9456,2026-10-02,0.67563,0.96264,1.70709,1.38408,1.0924,0.69,0.15,2.14,0.27,3.21,0.0,3.21,0.0,https://secdocumentstorage.blob.core.windows.net/fundfactsheet/M0078_2545.pdf
RMF,LHFUND,LHGINCOMERMF,กองทุนเปิด แอล เอช โกลบอล อินคัม เพื่อการเลี้ยงชีพ,กองทุนรวมแบบผสมลงทุนต่างประเทศ,Foreign Investment Allocation,4,9.0258,2026-09-30,-3.98698,-3.553,1.70673,-2.77176,,2.5,0.642,5.0,1.427,2.5,0.0,2.5,0.0,https://secdocumentstorage.blob.core.windows.net/fundfactsheet/M0500_2560.pdf
RMF,EASTSPRING,ES-VIETNAMRMF,กองทุนเปิดอีสท์สปริง Vietnam Active Equity เพื่อการเลี้ยงชีพ,หุ้นเวียดนาม,Vietnam Equity,,9.5144,2026-10-01,-4.71689,-7.22908,1.67905,,,2.14,1.6,3.74,1.8,,,,,https://secdocumentstorage.blob.core.windows.net/fundfactsheet/M0120_2565.pdf
RMF,MFC,M-CR,กองทุนเปิดเอ็มเอฟซีคุ้มครองเงินต้นเพื่อการเลี้ยงชีพ,กองทุนรวมแบบผสมเสี่ยงต่ำ (Conservative),Conservative Allocation,2,13.2812,2026-10-02,-0.13985,0.00678,1.66874,1.1553,0.86499,1.6,1.6,2.85,1.93,1.0,0.5,1.0,0.0,https://secdocumentstorage.blob.core.windows.net/fundfactsheet/M0830_2548.pdf
RMF,KASSET,K-VIETNAMRMF,กองทุนเปิดเค เวียดนาม หุ้นทุนเพื่อการเลี้ยงชีพ,หุ้นเวียดนาม,Vietnam Equity,,9.7029,2026-10-02,-3.40471,-6.80952,1.66332,,,3.21,1.6,4.87,1.69,,,2.0,0.0,https://secdocumentstorage.blob.core.windows.net/fundfactsheet/M0045_2565.pdf
RMF,PRINCIPAL,PRINCIPAL MMRMF,กองทุนเปิดพรินซิเพิล มันนี่ มาร์เก็ตเพื่อการเลี้ยงชีพ,ตลาดเงินทั่วไป,Money Market General,1,12.4621,2026-10-02,0.61684,0.91423,1.6404,1.27214,1.09609,0.54,0.117,2.14,0.222,,,,,https://secdocumentstorage.blob.core.windows.net/fundfactsheet/M0820_2553.pdf
RMF,BBLAM,MM-RMF,กองทุนเปิดบัวหลวงมันนี่มาร์เก็ตเพื่อการเลี้ยงชีพ,ตลาดเงินทั่วไป,Money Market General,1,12.3949,2026-10-02,0.62592,0.9028,1.63495,1.26225,0.90494,0.54,0.21,2.14,0.36,0.5,0.0,0.5,0.0,https://secdocumentstorage.blob.core.windows.net/fundfactsheet/M0597_2551.pdf
RMF,EASTSPRING,ES-MRMF,กองทุนเปิดอีสท์สปริง ธนบดี เพื่อการเลี้ยงชีพ,ตลาดเงินภาครัฐ,Money Market Government,1,13.9,2026-10-02,0.64077,0.93602,1.62069,1.26411,0.90585,0.75,0.08,0.9,0.19,,,,,https://secdocumentstorage.blob.core.windows.net/fundfactsheet/M0605_2546.pdf
RMF,DAOL,DAOL-MONYRMF,กองทุนเปิด ดาโอ มันนี่ มาร์เก็ต เพื่อการเลี้ยงชีพ,ตลาดเงินภาครัฐ,Money Market Government,1,10.7034,2026-10-02,0.67913,0.96214,1.60979,1.30648,,1.07,0.0,4.28,0.027,2.14,0.0,2.14,0.0,https://secdocumentstorage.blob.core.windows.net/fundfactsheet/M0398_2563.pdf
RMF,BBLAM,B-DYNAMICRMF,กองทุนเปิดบัวหลวง ไดนามิก บอนด์ เพื่อการเลี้ยงชีพ,ตราสารหนี้ทั่วโลก แบบป้องกันความเสี่ยงอัตราแลกเปลี่ยนตามดุลยพินิจของผู้จัดการกองทุน,Global Bond Discretionary F/X Hedge or Unhedge,2,10.2898,2026-09-30,-1.94307,-1.43775,1.562,,,1.07,0.8,2.41,0.98,1.0,0.0,1.0,0.0,https://secdocumentstorage.blob.core.windows.net/fundfactsheet/M0320_2566.pdf
RMF,PRINCIPAL,PRINCIPAL PRMF,กองทุนเปิดพรินซิเพิล มุ่งรักษาเงินต้นเพื่อการเลี้ยงชีพ,พันธบัตรรัฐบาลระยะสั้น,Short Term Government Bond,1,12.9698,2026-10-02,0.59099,0.85695,1.55363,1.22712,0.77424,0.81,0.107,2.12,0.166,1.07,0.0,3.21,0.0,https://secdocumentstorage.blob.core.windows.net/fundfactsheet/M0821_2548.pdf
RMF,KTAM,RMF4,กองทุนเปิดกรุงไทยตลาดเงินเพื่อการเลี้ยงชีพ (RMF4),ตลาดเงินทั่วไป,Money Market General,1,12.3736,2026-10-02,0.54442,0.81476,1.53142,1.17533,0.92194,0.6,0.25,1.07,0.35,,,,,https://secdocumentstorage.blob.core.windows.net/fundfactsheet/M0718_2551.pdf
RMF,UOBAM,UHCRMF,กองทุนเปิด ยูไนเต็ด โกลบอล เฮลท์แคร์ เพื่อการเลี้ยงชีพ,หุ้นกลุ่มอุตสาหกรรมการดูแลสุขภาพ,Health Care,5,12.394,2026-10-01,-0.84959,8.00683,1.52654,-2.84784,2.63851,2.14,1.61,5.35,1.86,2.0,0.0,1.0,0.0,https://secdocumentstorage.blob.core.windows.net/fundfactsheet/M0475_2558.pdf
RMF,KASSET,K-CHINARMF,กองทุนเปิดเค ไชน่า หุ้นทุนเพื่อการเลี้ยงชีพ,หุ้นจีน,Greater China Equity,4,5.2077,2026-09-30,-9.96058,-16.09686,1.52387,-10.7833,,3.21,1.34,4.87,1.42,,,3.0,0.0,https://secdocumentstorage.blob.core.windows.net/fundfactsheet/M0512_2563.pdf
RMF,KSAM,KFCASHRMF,กองทุนเปิดกรุงศรีตราสารเงินเพื่อการเลี้ยงชีพ,ตลาดเงินภาครัฐ,Money Market Government,1,14.0566,2026-10-02,0.54505,0.83861,1.51351,1.17806,0.95112,0.32,0.21,0.45,0.31,0.0,0.0,0.0,0.0,https://secdocumentstorage.blob.core.windows.net/fundfactsheet/M0762_2547.pdf
RMF,ONEAM,M-RMF-P,กองทุนเปิด ตราสารการเงินคุณค่า เพื่อการเลี้ยงชีพ ชนิดสำหรับรับโอนจากกองทุนสำรองเลี้ยงชีพ,ตลาดเงินทั่วไป,Money Market General,1,14.5591,2026-10-02,0.56572,0.84505,1.51316,1.14452,,0.93,0.46,4.28,0.59,0.27,0.0,0.27,0.0,https://secdocumentstorage.blob.core.windows.net/fundfactsheet/M0068_2544.pdf
RMF,ONEAM,M-RMF-A,กองทุนเปิด ตราสารการเงินคุณค่า เพื่อการเลี้ยงชีพ หน่วยลงทุนชนิดทั่วไป,ตลาดเงินทั่วไป,Money Market General,1,14.5589,2026-10-02,0.56503,0.84436,1.51269,1.14424,0.9009,0.93,0.46,4.28,0.59,0.27,0.0,0.27,0.0,https://secdocumentstorage.blob.core.windows.net/fundfactsheet/M0068_2544.pdf
RMF,EASTSPRING,ES-FIXEDRMF,กองทุนเปิดอีสท์สปริง General Fixed Income เพื่อการเลี้ยงชีพ,ตราสารหนี้ระยะกลาง,Mid Term General Bond,2,17.8173,2026-10-02,0.15289,0.20697,1.48389,1.07206,1.36206,0.8,0.53,2.14,0.7,3.21,0.0,3.21,0.0,https://secdocumentstorage.blob.core.windows.net/fundfactsheet/M0422_2545.pdf
RMF,abrdn,ABSI-RMF,กองทุนเปิด อเบอร์ดีน สมาร์ทอินคัมเพื่อการเลี้ยงชีพ,ตราสารหนี้ระยะสั้น,Short Term General Bond,1,13.2653,2026-10-02,0.17369,0.46882,1.45745,1.02431,0.78743,0.8,0.43,2.14,0.59,1.0,0.0,1.0,1.0,https://secdocumentstorage.blob.core.windows.net/fundfactsheet/M0141_2545.pdf
RMF,LHFUND,LHMMRMF,กองทุนเปิด แอล เอช ตลาดเงิน เพื่อการเลี้ยงชีพ,ตลาดเงินทั่วไป,Money Market General,1,10.4789,2026-10-02,0.50931,0.74219,1.38227,,,0.54,0.16,1.07,0.395,0.0,0.0,0.0,0.0,https://secdocumentstorage.blob.core.windows.net/fundfactsheet/M0562_2565.pdf
RMF,TALISAM,TLMMRMF,กองทุนเปิดทาลิส ตลาดเงิน เพื่อการเลี้ยงชีพ,ตลาดเงินภาครัฐ,Money Market Government,1,10.9476,2026-10-02,0.48279,0.72501,1.36423,1.03565,,0.54,0.21,0.8,0.36,,,,,https://secdocumentstorage.blob.core.windows.net/fundfactsheet/M0628_2559.pdf
RMF,EASTSPRING,ES-MIXEDRMF,กองทุนเปิดอีสท์สปริง Mixed เพื่อการเลี้ยงชีพ,กองทุนรวมแบบผสมเชิงรุก (Aggressive),Aggressive Allocation,4,38.3343,2026-10-02,23.57173,20.8731,1.35023,-0.0681,0.93482,1.17,1.17,2.35,1.34,3.21,0.0,3.21,0.0,https://secdocumentstorage.blob.core.windows.net/fundfactsheet/M0659_2547.pdf
RMF,MFC,MMF-RMF,กองทุนเปิดเอ็มเอฟซีตลาดเงินเพื่อการเลี้ยงชีพ,ตลาดเงินทั่วไป,Money Market General,1,13.5596,2026-10-02,0.41247,0.66668,1.32236,0.98763,0.84388,1.6,1.6,2.85,1.93,1.0,0.5,1.0,0.0,https://secdocumentstorage.blob.core.windows.net/fundfactsheet/M0084_2545.pdf
RMF,KASSET,K-BLRMF,กองทุนเปิดเค บาลานซ์เพื่อการเลี้ยงชีพ,กองทุนรวมแบบผสมเสี่ยงต่ำ (Conservative),Conservative Allocation,2,29.6509,2026-10-02,9.0307,7.97498,1.27012,0.38097,1.34483,1.87,1.87,2.43,2.04,,,2.0,0.0,https://secdocumentstorage.blob.core.windows.net/fundfactsheet/M0062_2544.pdf
RMF,XSpring,X-EQRMF,กองทุนเปิดเอ็กซ์สปริงตรำสำรทุนเพื่อกำรเลี้ยงชีพ,หุ้นไทยทั่วไป,Equity General,4,17.5964,2026-10-02,29.61593,24.26924,1.22849,0.31912,-0.36366,1.338,1.3,3.596,2.713,0.0,0.0,0.0,0.0,https://secdocumentstorage.blob.core.windows.net/fundfactsheet/M0359_2552.pdf
RMF,FPAM,FP FLEX RMF,กองทุนเปิด เฟิร์ส พลัส เฟล็กซิเบิ้ลฟันด์ เพื่อการเลี้ยงชีพ,กองทุนรวมแบบผสมเสี่ยงต่ำ (Conservative),Conservative Allocation,2,21.6107,2026-10-02,7.34236,7.85128,1.03828,0.18847,0.8557,1.6,1.6,3.0,1.81,,,,,https://secdocumentstorage.blob.core.windows.net/fundfactsheet/M0721_2551.pdf
RMF,UOBAM,CPRMF4,กองทุนเปิด คุ้มครองเงินต้นเพื่อการเลี้ยงชีพ 4,อื่นๆ,Miscellaneous,5,15.743,2026-10-02,-0.75147,-0.5232,0.97423,-0.01549,0.26417,1.07,0.21,5.35,0.43,1.0,0.0,1.0,0.0,https://secdocumentstorage.blob.core.windows.net/fundfactsheet/M0852_2548.pdf
RMF,KASSET,K-EURMF,กองทุนเปิดเค ยูโรเปียน หุ้นทุนเพื่อการเลี้ยงชีพ,หุ้นยุโรป,European Equity,4,17.3057,2026-10-01,0.54205,-0.16384,0.79587,-3.45009,4.23873,2.68,1.6,4.01,1.73,,,3.0,0.0,https://secdocumentstorage.blob.core.windows.net/fundfactsheet/M0679_2557.pdf
RMF,ONEAM,FLEX-RMF,กองทุนเปิด เฟล็กซิเบิลคุณค่า เพื่อการเลี้ยงชีพ,กองทุนรวมแบบผสมเชิงรุก (Aggressive),Aggressive Allocation,4,24.6409,2026-10-02,15.21869,13.85317,0.76184,-0.49939,0.18018,1.95,1.77,6.42,1.91,0.27,0.0,0.27,0.0,https://secdocumentstorage.blob.core.windows.net/fundfactsheet/M0633_2546.pdf
RMF,EASTSPRING,ES-GCGRMF,กองทุนเปิดอีสท์สปริง Global Capital Growth เพื่อการเลี้ยงชีพ,หุ้นทั่วโลก,Global Equity,4,9.0468,2026-10-01,-8.57663,-11.72992,0.71496,-3.98443,,2.14,1.6,3.74,1.77,1.5,0.0,,,https://secdocumentstorage.blob.core.windows.net/fundfactsheet/M0551_2563.pdf
RMF,KTAM,KT-BRAIN RMF,กองทุนเปิดกรุงไทย เอไอ เบรน เพื่อการเลี้ยงชีพ,หุ้นไทยทั่วไป,Equity General,4,8.0688,2026-10-02,26.8101,20.52699,0.62069,-1.19295,,2.14,1.61,5.35,1.99,3.21,0.0,3.21,0.0,https://secdocumentstorage.blob.core.windows.net/fundfactsheet/M0374_2561.pdf
RMF,UOBAM,UCHINARMF,กองทุนเปิด ยูไนเต็ด ออล ไชน่า อิควิตี้ ฟันด์ เพื่อการเลี้ยงชีพ,หุ้นจีน,Greater China Equity,4,6.9208,2026-09-30,-13.0662,-17.99806,0.61779,-9.35046,,2.14,1.61,5.35,1.86,2.0,0.0,2.0,0.0,https://secdocumentstorage.blob.core.windows.net/fundfactsheet/M0280_2562.pdf
RMF,KSAM,KFVIETRMF,กองทุนเปิดกรุงศรีเวียดนามอิควิตี้เพื่อการเลี้ยงชีพ,หุ้นเวียดนาม,Vietnam Equity,,8.8577,2026-10-01,-10.0458,-10.94567,0.30555,,,2.14,0.0,4.65,0.19,2.0,0.0,2.0,0.0,https://secdocumentstorage.blob.core.windows.net/fundfactsheet/M0424_2565.pdf
RMF,ONEAM,ONE-VIETNAMRMF-A,กองทุนเปิด วรรณ เวียดนาม อิควิตี้ เพื่อการเลี้ยงชีพ ชนิดทั่วไป,หุ้นเวียดนาม,Vietnam Equity,,7.1183,2026-10-01,-7.09727,-7.8573,0.22201,,,2.67,1.6,6.42,1.9,2.14,0.0,2.14,0.0,https://secdocumentstorage.blob.core.windows.net/fundfactsheet/M0149_2564.pdf
RMF,KTAM,KT-BOND RMF,กองทุนเปิดเคแทม เวิลด์ บอนด์ เพื่อการเลี้ยงชีพ,ตราสารหนี้ทั่วโลก แบบป้องกันความเสี่ยงอัตราแลกเปลี่ยนตามดุลยพินิจของผู้จัดการกองทุน,Global Bond Discretionary F/X Hedge or Unhedge,2,9.0188,2026-10-01,-5.49699,-5.30847,0.1706,-3.36178,-0.71475,1.87,1.07,4.84,1.45,3.0,0.0,1.0,0.0,https://secdocumentstorage.blob.core.windows.net/fundfactsheet/M0886_2555.pdf
RMF,KASSET,K-SELECTRMF,กองทุนเปิดเค ซีเล็คท์ หุ้นทุนเพื่อการเลี้ยงชีพ,หุ้นไทยทั่วไป,Equity General,4,85.2834,2026-10-02,26.56046,24.0558,0.01193,-0.49264,1.58434,1.87,1.87,2.43,2.03,,,2.0,0.0,https://secdocumentstorage.blob.core.windows.net/fundfactsheet/M0061_2544.pdf
RMF,abrdn,ABSC-RMF,กองทุนเปิด อเบอร์ดีน สมาร์ทแคปปิตอลเพื่อการเลี้ยงชีพ,หุ้นไทยทั่วไป,Equity General,4,75.6025,2026-10-02,22.83003,19.9853,-0.14512,-1.27235,-0.7887,1.87,1.87,2.68,2.04,1.0,0.0,1.0,1.0,https://secdocumentstorage.blob.core.windows.net/fundfactsheet/M0140_2545.pdf
RMF,EASTSPRING,ES-CORMF,กองทุนเปิดอีสท์สปริง China Opportunity เพื่อการเลี้ยงชีพ,หุ้นจีน,Greater China Equity,4,10.5742,2026-09-30,-15.18588,-20.43252,-0.30703,-9.24287,-0.31113,2.14,1.6,2.51,1.84,,,,,https://secdocumentstorage.blob.core.windows.net/fundfactsheet/M0328_2558.pdf
RMF,EASTSPRING,ES-GRMF,กองทุนเปิดอีสท์สปริง Global Bond เพื่อการเลี้ยงชีพ,ตราสารหนี้ทั่วโลก แบบป้องกันความเสี่ยงอัตราแลกเปลี่ยนตามดุลยพินิจของผู้จัดการกองทุน,Global Bond Discretionary F/X Hedge or Unhedge,2,9.9941,2026-10-01,-5.72404,-5.56637,-0.33593,-3.75837,-1.16858,1.71,1.33,2.08,1.82,,,,,https://secdocumentstorage.blob.core.windows.net/fundfactsheet/M0970_2553.pdf
RMF,PHILLIP,PFIXRMF,กองทุนเปิดฟิลลิปตราสารหนี้เพื่อการเลี้ยงชีพ,ตราสารหนี้ระยะยาว,Long Term General Bond,3,11.3315,2026-10-02,-5.34287,-7.20784,-0.36039,-0.60893,-0.11688,0.856,0.267,2.407,0.588,,,,,https://secdocumentstorage.blob.core.windows.net/fundfactsheet/M0098_2551.pdf
RMF,ASP,ASP-EVOCHINARMF,กองทุนเปิด แอสเซทพลัส อีโวลูชั่น ไชน่า อิควิตี้ เพื่อการเลี้ยงชีพ,หุ้นจีน,Greater China Equity,4,4.8248,2026-10-01,-8.21618,-17.42033,-0.36487,-12.35691,,2.0,1.61,4.49,3.02,,,,,https://secdocumentstorage.blob.core.windows.net/fundfactsheet/M0449_2563.pdf
RMF,BBLAM,BFLRMF,กองทุนเปิดบัวหลวงเฟล็กซิเบิ้ลเพื่อการเลี้ยงชีพ,กองทุนรวมแบบผสมเชิงรุก (Aggressive),Aggressive Allocation,4,53.8182,2026-10-02,18.32441,16.2581,-0.46464,-2.33865,-0.916,1.61,1.61,2.94,1.76,1.0,0.0,1.0,0.0,https://secdocumentstorage.blob.core.windows.net/fundfactsheet/M0059_2545.pdf
RMF,ASP,ASP-MRF,กองทุนเปิดแอสเซทพลัสหุ้นผสมตราสารหนี้เพื่อการเลี้ยงชีพ,กองทุนรวมแบบผสมสมดุล (Moderate),Moderate Allocation,3,31.234,2026-10-02,17.7251,16.50478,-0.50122,1.83823,2.58294,1.61,1.07,5.35,1.29,1.0,0.0,1.0,0.0,https://secdocumentstorage.blob.core.windows.net/fundfactsheet/M0785_2547.pdf
RMF,KSAM,KFTSRMF,กองทุนเปิดกรุงศรีทวีทรัพย์เพื่อการเลี้ยงชีพ,กองทุนรวมแบบผสมเชิงรุก (Aggressive),Aggressive Allocation,4,55.102,2026-10-02,20.81864,15.1658,-0.50458,-3.13847,-1.39462,2.14,2.14,2.38,2.33,1.0,0.0,1.0,0.0,https://secdocumentstorage.blob.core.windows.net/fundfactsheet/M0136_2545.pdf
RMF,KSAM,KFFLEX2RMF,กองทุนเปิดกรุงศรีเฟล็กซิเบิ้ล 2 เพื่อการเลี้ยงชีพ,กองทุนรวมแบบผสมเชิงรุก (Aggressive),Aggressive Allocation,4,44.3726,2026-10-02,20.89869,15.24453,-0.53899,-3.13031,-1.40165,2.11,2.11,2.35,2.31,1.5,0.0,1.5,0.0,https://secdocumentstorage.blob.core.windows.net/fundfactsheet/M0108_2545.pdf
RMF,KSAM,KFEQRMF,กองทุนเปิดกรุงศรีอิควิตี้เพื่อการเลี้ยงชีพ,หุ้นไทยทั่วไป,Equity General,4,23.0851,2026-10-02,18.40274,15.46303,-0.56026,-1.93467,-1.45309,2.14,2.14,2.38,2.33,1.0,0.0,1.0,0.0,https://secdocumentstorage.blob.core.windows.net/fundfactsheet/M0170_2549.pdf
RMF,SCBAM,SCBRMCLEAN(A),กองทุนเปิดไทยพาณิชย์ Global Clean Energy เพื่อการเลี้ยงชีพ ชนิดสะสมมูลค่า,พลังงานทางเลือก,Global Equity - Alternative Energy,,7.0539,2026-09-30,-6.73516,-0.01134,-0.57965,,,1.61,1.61,2.9,1.73,3.21,0.0,3.21,0.0,https://secdocumentstorage.blob.core.windows.net/fundfactsheet/M0088_2565.pdf
RMF,PHILLIP,PMIXRMF,กองทุนเปิดฟิลลิปผสมเพื่อการเลี้ยงชีพ,กองทุนรวมแบบผสมเชิงรุก (Aggressive),Aggressive Allocation,4,25.2004,2026-10-02,10.95486,11.43667,-0.69678,-0.10136,-0.20121,1.605,1.603,3.745,1.834,,,,,https://secdocumentstorage.blob.core.windows.net/fundfactsheet/M0557_2551.pdf
RMF,PRINCIPAL,PRINCIPAL VNEQRMF,กองทุนเปิดพรินซิเพิล เวียดนาม อิควิตี้เพื่อการเลี้ยงชีพ,หุ้นเวียดนาม,Vietnam Equity,,9.9842,2026-10-01,-7.77487,-14.52762,-0.72583,,,2.14,1.604,6.33,2.417,2.14,0.0,1.07,0.0,https://secdocumentstorage.blob.core.windows.net/fundfactsheet/M0517_2566.pdf
RMF,TISCOAM,TEGRMF-B,กองทุนเปิด ทิสโก้หุ้นทุนเพื่อการเลี้ยงชีพ ชนิดหน่วยลงทุน B,หุ้นไทยขนาดใหญ่,Equity Large Cap,4,78.6058,2026-10-02,28.46142,19.62733,-0.84217,-1.44297,3.07692,1.07,1.07,2.68,1.27,1.0,0.0,1.0,0.0,https://secdocumentstorage.blob.core.windows.net/fundfactsheet/M0096_2545.pdf
RMF,LHFUND,LHFLRMF,กองทุนเปิด แอล เอช เฟล็กซิเบิ้ลเพื่อการเลี้ยงชีพ,กองทุนรวมแบบผสมสมดุล (Moderate),Moderate Allocation,3,15.7956,2026-10-02,14.49821,13.04777,-0.87745,-0.06344,2.39009,2.14,1.8,3.21,2.01,2.0,0.0,2.0,0.0,https://secdocumentstorage.blob.core.windows.net/fundfactsheet/M0885_2555.pdf
RMF,EASTSPRING,ES-CHINAARMF,กองทุนเปิดอีสท์สปริง China A เพื่อการเลี้ยงชีพ,หุ้นจีน A-Shares,China Equity - A Shares,,5.6471,2026-09-30,-7.93472,-10.30085,-0.98152,-8.73898,,2.14,1.6,3.74,1.76,1.5,0.0,,,https://secdocumentstorage.blob.core.windows.net/fundfactsheet/M0489_2563.pdf
RMF,TISCOAM,TEGRMF-A,กองทุนเปิด ทิสโก้หุ้นทุนเพื่อการเลี้ยงชีพ ชนิดหน่วยลงทุน A,หุ้นไทยขนาดใหญ่,Equity Large Cap,4,73.6314,2026-10-02,27.94269,18.9889,-1.37128,-1.96917,2.5266,1.61,1.61,2.68,1.81,1.0,0.0,1.0,0.0,https://secdocumentstorage.blob.core.windows.net/fundfactsheet/M0096_2545.pdf
RMF,TISCOAM,TEGRMF-P,กองทุนเปิด ทิสโก้หุ้นทุนเพื่อการเลี้ยงชีพ ชนิดหน่วยลงทุน PVD,หุ้นไทยขนาดใหญ่,Equity Large Cap,4,73.6315,2026-10-02,27.94286,18.98906,-1.37137,-1.96922,2.52659,1.61,1.61,2.68,1.8,1.0,0.0,1.0,0.0,https://secdocumentstorage.blob.core.windows.net/fundfactsheet/M0096_2545.pdf
RMF,KSAM,KFGBRANRMF,กองทุนเปิดกรุงศรีโกลบอลแบรนด์อิควิตี้เพื่อการเลี้ยงชีพ,หุ้นทั่วโลก,Global Equity,4,14.4678,2026-10-01,-11.42579,-14.5636,-1.44119,-2.3816,,2.14,1.34,4.65,1.53,2.0,0.0,2.0,0.0,https://secdocumentstorage.blob.core.windows.net/fundfactsheet/M0566_2559.pdf
RMF,KSAM,KFDNMRMF,กองทุนเปิดกรุงศรีหุ้นไดนามิคเพื่อการเลี้ยงชีพ,หุ้นไทยทั่วไป,Equity General,4,10.3094,2026-10-02,22.96224,13.93994,-1.47169,-1.42746,,2.68,2.14,5.08,2.34,1.5,0.0,1.5,0.0,https://secdocumentstorage.blob.core.windows.net/fundfactsheet/M0081_2561.pdf
RMF,BBLAM,BERMF,กองทุนเปิดบัวหลวงตราสารทุนเพื่อการเลี้ยงชีพ,หุ้นไทยขนาดใหญ่,Equity Large Cap,4,80.3736,2026-10-02,24.74252,23.38045,-1.47809,-3.16139,-1.18217,1.61,1.61,2.94,1.76,1.0,0.0,1.0,0.0,https://secdocumentstorage.blob.core.windows.net/fundfactsheet/M0067_2545.pdf
RMF,TISCOAM,TSFRMF-A,กองทุนเปิด ทิสโก้ สแตรทิจิก เพื่อการเลี้ยงชีพ ชนิดผู้ลงทุนทั่วไป,หุ้นไทยทั่วไป,Equity General,4,8.2174,2026-10-02,34.4998,21.95969,-1.95902,,,3.0,0.0,5.0,0.36,2.5,0.0,2.5,0.0,https://secdocumentstorage.blob.core.windows.net/fundfactsheet/M0426_2564.pdf
RMF,TISCOAM,TSFRMF-P,กองทุนเปิด ทิสโก้ สแตรทิจิก เพื่อการเลี้ยงชีพ ชนิดรองรับกองทุนสำรองเลี้ยงชีพ,หุ้นไทยทั่วไป,Equity General,4,8.2175,2026-10-02,34.50144,21.96117,-1.95937,,,3.0,0.0,5.0,0.36,2.5,0.0,2.5,0.0,https://secdocumentstorage.blob.core.windows.net/fundfactsheet/M0426_2564.pdf
RMF,KSAM,KF-ACHINARMF,กองทุนเปิดกรุงศรีไชน่าเอแชร์อิควิตี้เพื่อการเลี้ยงชีพ,หุ้นจีน A-Shares,China Equity - A Shares,,4.9527,2026-10-01,-12.53973,-14.73652,-2.13831,-9.60945,,2.14,1.34,4.65,1.54,2.0,0.0,2.0,0.0,https://secdocumentstorage.blob.core.windows.net/fundfactsheet/M0577_2563.pdf
RMF,KSAM,KFINDIARMF,กองทุนเปิดกรุงศรีอินเดียอิควิตี้เพื่อการเลี้ยงชีพ,หุ้นอินเดีย,India Equity,4,12.3835,2026-10-01,-17.26849,-18.26342,-2.70104,-1.70279,,2.14,1.34,4.65,1.54,2.0,0.0,2.0,0.0,https://secdocumentstorage.blob.core.windows.net/fundfactsheet/M0076_2561.pdf
RMF,LHFUND,LHCHINARMF,กองทุนเปิด แอล เอช อิควิตี้ ไชน่า ออพพอร์ทูนิตี้ เพื่อการเลี้ยงชีพ,หุ้นจีน,Greater China Equity,4,4.1384,2026-10-01,-11.83827,-19.46601,-2.79899,-12.30175,,2.5,1.337,5.0,2.049,2.5,0.0,2.5,0.0,https://secdocumentstorage.blob.core.windows.net/fundfactsheet/M0557_2563.pdf
RMF,KSAM,KFCMEGARMF,กองทุนเปิดกรุงศรีไชน่าเมกะเทรนด์เพื่อการเลี้ยงชีพ,หุ้นจีน,Greater China Equity,4,6.9161,2026-10-01,-22.10459,-30.38161,-4.4528,,,2.14,0.0,4.65,0.23,2.0,0.0,2.0,0.0,https://secdocumentstorage.blob.core.windows.net/fundfactsheet/M0395_2565.pdf
RMF,abrdn,ABSM-RMF,กองทุนเปิด อเบอร์ดีน สมอล-มิดแค็พ เพื่อการเลี้ยงชีพ,หุ้นไทยขนาดเล็กและกลาง,Equity Small – Mid Cap,4,8.9227,2026-10-02,32.82373,19.62648,-4.9927,,,1.87,1.87,2.68,2.05,1.0,0.0,1.0,0.0,https://secdocumentstorage.blob.core.windows.net/fundfactsheet/M0569_2565.pdf
RMF,ASP,ASP-SMERMF,กองทุนเปิด แอสเซทพลัส สมอล แอนด์ มิด แคป อิควิตี้ เพื่อการเลี้ยงชีพ,หุ้นไทยขนาดเล็กและกลาง,Equity Small – Mid Cap,4,8.6593,2026-10-02,36.16964,26.59055,-5.02951,,,1.99,1.61,4.49,2.93,,,,,https://secdocumentstorage.blob.core.windows.net/fundfactsheet/M0085_2566.pdf
RMF,BBLAM,B-SM-RMF,กองทุนเปิดบัวหลวง Small-Mid Cap เพื่อการเลี้ยงชีพ,หุ้นไทยขนาดเล็กและกลาง,Equity Small – Mid Cap,4,9.6408,2026-10-02,32.73854,26.96791,-6.14061,-6.68979,-2.34665,1.61,1.61,2.68,1.73,1.0,0.0,1.0,0.0,https://secdocumentstorage.blob.core.windows.net/fundfactsheet/M0775_2554.pdf
RMF,TISCOAM,TWBRMF-P,กองทุนเปิด ทิสโก้ หุ้นไทย Well-being เพื่อการเลี้ยงชีพ ชนิดรองรับกองทุนสํารองเลี้ยงชีพ,หุ้นไทยขนาดใหญ่,Equity Large Cap,4,8.0951,2026-10-02,14.07976,9.54424,-6.75081,,,3.0,1.61,5.0,0.67,2.5,0.0,2.5,0.0,https://secdocumentstorage.blob.core.windows.net/fundfactsheet/M0438_2566.pdf
RMF,TISCOAM,TWBRMF-A,กองทุนเปิด ทิสโก้ หุ้นไทย Well-being เพื่อการเลี้ยงชีพ ชนิดผู้ลงทุนทั่วไป,หุ้นไทยขนาดใหญ่,Equity Large Cap,4,8.0949,2026-10-02,14.07855,9.54301,-6.75158,,,3.0,1.61,5.0,0.67,2.5,0.0,2.5,0.0,https://secdocumentstorage.blob.core.windows.net/fundfactsheet/M0438_2566.pdf
RMF,TALISAM,TLEQRMF,กองทุนเปิดทาลิส หุ้นทุน เพื่อการเลี้ยงชีพ,หุ้นไทยทั่วไป,Equity General,4,8.5435,2026-10-02,36.35566,26.70176,-6.79706,-5.26681,,3.21,2.14,3.85,2.43,3.0,0.0,3.0,0.0,https://secdocumentstorage.blob.core.windows.net/fundfactsheet/M0598_2559.pdf
RMF,EASTSPRING,ES-SMCAPRMF,กองทุนเปิดอีสท์สปริง Small Medium Cap Equity เพื่อการเลี้ยงชีพ,หุ้นไทยขนาดเล็กและกลาง,Equity Small – Mid Cap,4,7.6563,2026-10-02,27.43509,12.9731,-6.96827,-7.2064,,1.6,1.33,1.97,1.46,,,,,https://secdocumentstorage.blob.core.windows.net/fundfactsheet/M0525_2559.pdf
RMF,BBLAM,BBASICRMF,กองทุนเปิดบัวหลวงปัจจัย 4 เพื่อการเลี้ยงชีพ,หุ้นไทยทั่วไป,Equity General,4,8.3726,2026-10-02,15.07147,6.34979,-6.97866,-5.15034,-3.59478,1.87,1.61,3.21,1.76,1.0,0.0,1.0,0.0,https://secdocumentstorage.blob.core.windows.net/fundfactsheet/M0237_2557.pdf
RMF,TALISAM,TLFLEXRMF,กองทุนเปิดทาลิส เฟล็กซิเบิ้ล เพื่อการเลี้ยงชีพ,กองทุนรวมแบบผสมเชิงรุก (Aggressive),Aggressive Allocation,4,7.7475,2026-10-02,37.28183,26.86469,-7.84931,-5.72013,,3.21,2.14,3.85,2.35,3.0,0.0,3.0,0.0,https://secdocumentstorage.blob.core.windows.net/fundfactsheet/M0596_2559.pdf
RMF,BBLAM,B-TOPTENRMF,กองทุนเปิดบัวหลวงทศพลเพื่อการเลี้ยงชีพ,หุ้นไทยขนาดใหญ่,Equity Large Cap,4,6.8231,2026-10-02,15.87949,12.07825,-7.94427,-5.34428,,1.61,1.61,2.94,1.71,1.0,0.0,1.0,0.0,https://secdocumentstorage.blob.core.windows.net/fundfactsheet/M0089_2561.pdf
RMF,TALISAM,TLMSEQRMF,กองทุนเปิดทาลิส MID-SMALL CAP หุ้นทุน เพื่อการเลี้ยงชีพ,หุ้นไทยขนาดเล็กและกลาง,Equity Small – Mid Cap,4,6.4822,2026-10-02,33.74461,17.93108,-8.56252,,,2.68,2.14,3.98,2.45,1.5,0.0,1.5,0.0,https://secdocumentstorage.blob.core.windows.net/fundfactsheet/M0457_2564.pdf
RMF,TISCOAM,TMSRMF-B,กองทุนเปิด ทิสโก้ Mid/Small Cap อิควิตี้ เพื่อการเลี้ยงชีพ (B),หุ้นไทยขนาดเล็กและกลาง,Equity Small – Mid Cap,4,12.0236,2026-10-02,26.87137,20.1543,-9.25389,-6.33562,1.9016,2.03,1.07,2.57,1.75,1.5,0.0,1.5,0.0,https://secdocumentstorage.blob.core.windows.net/fundfactsheet/M0561_2557.pdf
RMF,TISCOAM,TMSRMF-A,กองทุนเปิด ทิสโก้ Mid/Small Cap อิควิตี้ เพื่อการเลี้ยงชีพ (A),หุ้นไทยขนาดเล็กและกลาง,Equity Small – Mid Cap,4,11.2923,2026-10-02,26.35872,19.48512,-9.80973,-6.92,1.26417,2.14,1.61,2.68,2.39,1.5,0.0,1.5,0.0,https://secdocumentstorage.blob.core.windows.net/fundfactsheet/M0561_2557.pdf
RMF,TISCOAM,TMSRMF-P,กองทุนเปิด ทิสโก้ Mid/Small Cap อิควิตี้ เพื่อการเลี้ยงชีพ (P),หุ้นไทยขนาดเล็กและกลาง,Equity Small – Mid Cap,4,11.2923,2026-10-02,26.35872,19.48512,-9.80973,-6.92,1.26417,2.14,1.61,2.68,2.39,1.5,0.0,1.5,0.0,https://secdocumentstorage.blob.core.windows.net/fundfactsheet/M0561_2557.pdf
RMF,EASTSPRING,ES-INDONESIA-RMF,กองทุนเปิดอีสท์สปริง Indonesia Active Equity เพื่อการเลี้ยงชีพ,หุ้นอาเซียน,ASEAN Equity,4,6.6022,2026-10-01,-21.19505,-16.98061,-13.61798,,,2.14,1.6,3.74,1.78,,,,,https://secdocumentstorage.blob.core.windows.net/fundfactsheet/M0564_2565.pdf
RMF,ASP,ASP-NCLRRMF,กองทุนเปิด แอสเซทพลัส นิวเคลียร์ เอ็นเนอร์จี เพื่อการเลี้ยงชีพ,หุ้นทั่วโลก - กลุ่มอุตสาหกรรมอื่นๆ,Other Global Sector Equity,,2.8467,2026-10-01,-14.15,-19.79997,-14.66375,,,2.0,1.61,4.49,3.1,,,,,https://secdocumentstorage.blob.core.windows.net/fundfactsheet/M0402_2564.pdf
RMF,KASSET,K-GTECHRMF,กองทุนเปิดเค โกลบอล เทคโนโลยี หุ้นทุนเพื่อการเลี้ยงชีพ,หุ้นกลุ่มเทคโนโลยี,Technology Equity,,24.8916,2026-09-30,48.47803,54.65808,,,,3.21,1.6,4.87,1.71,,,2.0,0.0,https://secdocumentstorage.blob.core.windows.net/fundfactsheet/M0599_2566.pdf
RMF,KSAM,KF-EMXCN-INDXRMF,กองทุนเปิดกรุงศรีอีเมอร์จิ้งมาร์เก็ต เอ็กซ์ไชน่า อินเด็กซ์เพื่อการเลี้ยงชีพ,หุ้นตลาดเกิดใหม่,Emerging Market,4,17.1141,2026-10-01,44.23169,51.39728,,,,2.14,0.8,4.65,1.0,2.0,0.0,2.0,0.0,https://secdocumentstorage.blob.core.windows.net/fundfactsheet/M0873_2567.pdf
RMF,TISCOAM,TJPRMF-P,กองทุนเปิด ทิสโก้ เจแปน อิควิตี้ เพื่อการเลี้ยงชีพ ชนิดรองรับกองทุนสํารองเลี้ยงชีพ,หุ้นญี่ปุ่น,Japan Equity,4,39.4115,2026-10-02,35.02916,49.29616,,,,2.68,1.07,3.75,1.48,1.5,0.0,1.5,0.0,https://secdocumentstorage.blob.core.windows.net/fundfactsheet/M0690_2556.pdf
RMF,BBLAM,B-ASIATECHRMF,กองทุนเปิดบัวหลวงเอเชียเทคโนโลยีเพื่อการเลี้ยงชีพ,หุ้นกลุ่มเทคโนโลยี,Technology Equity,,17.3108,2026-09-30,36.74158,40.26155,,,,1.07,1.07,2.68,1.2,1.0,0.0,1.0,0.0,https://secdocumentstorage.blob.core.windows.net/fundfactsheet/M0568_2567.pdf
RMF,TISCOAM,TAIRMF-P,กองทุนเปิด ทิสโก้ AI & Big Data เพื่อการเลี้ยงชีพ ชนิดรองรับกองทุนสํารองเลี้ยงชีพ,หุ้นกลุ่มเทคโนโลยี,Technology Equity,,16.1013,2026-10-01,31.39842,35.42567,,,,3.0,1.07,5.0,1.22,2.5,0.0,2.5,0.0,https://secdocumentstorage.blob.core.windows.net/fundfactsheet/M0549_2567.pdf
RMF,TISCOAM,TAIRMF-A,กองทุนเปิด ทิสโก้ AI & Big Data เพื่อการเลี้ยงชีพ ชนิดผู้ลงทุนทั่วไป,หุ้นกลุ่มเทคโนโลยี,Technology Equity,,16.1008,2026-10-01,31.39863,35.42488,,,,3.0,1.07,5.0,1.22,2.5,0.0,2.5,0.0,https://secdocumentstorage.blob.core.windows.net/fundfactsheet/M0549_2567.pdf
RMF,TISCOAM,THDRMF-P,กองทุนเปิด ทิสโก้ ไฮ ดิวิเดนด์ หุ้นทุน เพื่อการเลี้ยงชีพ ชนิดรองรับกองทุนสํารองเลี้ยงชีพ,หุ้นไทยขนาดใหญ่,Equity Large Cap,4,27.3281,2026-10-02,31.8472,33.11301,,,,2.14,1.61,2.68,1.85,1.5,0.0,1.5,0.0,https://secdocumentstorage.blob.core.windows.net/fundfactsheet/M0796_2555.pdf
RMF,EASTSPRING,ES-TECHRMF,กองทุนเปิดอีสท์สปริง Global Prime Technology เพื่อการเลี้ยงชีพ,หุ้นกลุ่มเทคโนโลยี,Technology Equity,,14.3233,2026-10-01,24.90669,26.21204,,,,1.6,1.07,1.97,1.25,1.5,0.0,,,https://secdocumentstorage.blob.core.windows.net/fundfactsheet/M0987_2567.pdf
RMF,BBLAM,BCAP-SET RMF,กองทุนเปิดบีแคป เซ็ท อินเด็กซ์ เพื่อการเลี้ยงชีพ,หุ้นไทยทั่วไป,Equity General,4,11.396,2026-10-02,27.64194,25.30926,,,,0.8,0.64,2.14,1.94,1.07,0.0,1.0,1.0,https://secdocumentstorage.blob.core.windows.net/fundfactsheet/M0650_2567.pdf
RMF,TALISAM,MEGA10AIRMF,กองทุนเปิด MEGA 10 ARTIFICIAL INTELLIGENCE เพื่อการเลี้ยงชีพ,หุ้นกลุ่มเทคโนโลยี,Technology Equity,,16.1584,2026-10-01,24.22658,22.69655,,,,1.61,1.61,2.38,1.78,1.5,0.0,1.5,0.0,https://secdocumentstorage.blob.core.windows.net/fundfactsheet/M0241_2567.pdf
RMF,KASSET,K-USXNDQRMF,กองทุนเปิดเค หุ้นยูเอส ดัชนีเอ็นดีคิว 100 เพื่อการเลี้ยงชีพ,หุ้นสหรัฐฯ,US Equity,4,14.7912,2026-10-01,18.12737,20.01947,,,,3.21,0.54,4.87,0.6,,,2.0,0.0,https://secdocumentstorage.blob.core.windows.net/fundfactsheet/M0592_2567.pdf
RMF,KKPAM,KKP PGE RMF-UH,กองทุนเปิดเคเคพี พาสซีฟ โกลบอล อิควิตี้ เพื่อการเลี้ยงชีพ อันเฮดจ์,หุ้นทั่วโลก,Global Equity,4,13.8797,2026-10-01,19.00932,19.50732,,,,2.68,0.54,4.82,0.75,2.0,0.0,2.0,0.0,https://secdocumentstorage.blob.core.windows.net/fundfactsheet/M0719_2567.pdf
RMF,KSAM,KFGLOBFXRMF,กองทุนเปิดกรุงศรี Global Unconstrained Equity FX เพื่อการเลี้ยงชีพ,หุ้นทั่วโลก,Global Equity,4,12.4614,2026-10-01,20.73128,19.20336,,,,2.14,1.34,4.65,1.53,2.0,0.0,2.0,0.0,https://secdocumentstorage.blob.core.windows.net/fundfactsheet/M0718_2567.pdf
RMF,KSAM,KFNDQRMF,กองทุนเปิดกรุงศรีเอ็นดีคิวอินเด็กซ์เพื่อการเลี้ยงชีพ,หุ้นสหรัฐฯ,US Equity,4,13.5631,2026-10-01,17.09387,18.91615,,,,2.14,0.8,4.65,1.0,2.0,0.0,2.0,0.0,https://secdocumentstorage.blob.core.windows.net/fundfactsheet/M0859_2567.pdf
RMF,TISCOAM,TNASDAQRMF-B,กองทุนเปิด ทิสโก้ ยูเอส แนสแดค อิควิตี้ เพื่อการเลี้ยงชีพ ชนิดลงทุนผ่านบริษัทนายจ้าง,หุ้นสหรัฐฯ,US Equity,4,17.5955,2026-10-01,17.01003,18.86763,,,,3.0,0.75,5.0,1.07,2.0,0.0,2.0,0.0,https://secdocumentstorage.blob.core.windows.net/fundfactsheet/M0439_2566.pdf
RMF,KSAM,KFUSINDFXRMF,กองทุนเปิดกรุงศรียูเอสอิควิตี้อินเด็กซ์เอฟเอ็กซ์เพื่อการเลี้ยงชีพ,หุ้นสหรัฐฯ,US Equity,4,13.5634,2026-10-01,18.48972,18.50836,,,,2.14,0.8,4.65,1.0,2.0,0.0,2.0,0.0,https://secdocumentstorage.blob.core.windows.net/fundfactsheet/M0596_2567.pdf
RMF,TISCOAM,TNASDAQRMF-A,กองทุนเปิด ทิสโก้ ยูเอส แนสแดค อิควิตี้ เพื่อการเลี้ยงชีพ ชนิดผู้ลงทุนทั่วไป,หุ้นสหรัฐฯ,US Equity,4,17.4893,2026-10-01,16.74009,18.50002,,,,3.0,1.07,5.0,1.39,2.5,0.0,2.5,0.0,https://secdocumentstorage.blob.core.windows.net/fundfactsheet/M0439_2566.pdf
RMF,TISCOAM,TNASDAQRMF-P,กองทุนเปิด ทิสโก้ ยูเอส แนสแดค อิควิตี้ เพื่อการเลี้ยงชีพ ชนิดรองรับกองทุนสํารองเลี้ยงชีพ,หุ้นสหรัฐฯ,US Equity,4,17.4752,2026-10-01,16.72701,18.48638,,,,3.0,1.07,5.0,1.38,2.5,0.0,2.5,0.0,https://secdocumentstorage.blob.core.windows.net/fundfactsheet/M0439_2566.pdf
RMF,TALISAM,MEGAWORLD30RMF,กองทุนเปิด MEGA WORLD 30 เพื่อการเลี้ยงชีพ,หุ้นทั่วโลก,Global Equity,4,13.1323,2026-10-01,18.62213,18.17061,,,,1.61,1.61,2.94,2.42,1.5,0.0,1.5,0.0,https://secdocumentstorage.blob.core.windows.net/fundfactsheet/M0074_2568.pdf
RMF,KASSET,K-WPULTIRMF,กองทุนเปิดเค เวลธ์พลัส อัลติเมท เพื่อการเลี้ยงชีพ,กองทุนรวมแบบผสมเชิงรุก (Aggressive),Aggressive Allocation,4,12.9586,2026-09-30,13.78971,13.00875,,,,3.21,1.28,4.87,1.34,,,2.0,0.0,https://secdocumentstorage.blob.core.windows.net/fundfactsheet/M0596_2566.pdf
RMF,KASSET,K-WORLDXRMF,กองทุนเปิดเค โกลบอล อิควิตี้ พาสซีฟ เพื่อการเลี้ยงชีพ,หุ้นทั่วโลก,Global Equity,4,13.1409,2026-10-01,10.20177,12.3538,,,,3.21,0.54,4.87,0.7,,,2.0,0.0,https://secdocumentstorage.blob.core.windows.net/fundfactsheet/M0065_2568.pdf
RMF,KASSET,K-US500XRMF,กองทุนเปิดเค หุ้นยูเอส พาสซีฟ เพื่อการเลี้ยงชีพ,หุ้นสหรัฐฯ,US Equity,4,12.9723,2026-10-01,10.21027,12.07752,,,,3.21,0.54,4.87,0.74,,,2.0,0.0,https://secdocumentstorage.blob.core.windows.net/fundfactsheet/M0408_2567.pdf
RMF,KSAM,KFGLOBALRMF,กองทุนเปิดกรุงศรี Global Unconstrained Equity เพื่อการเลี้ยงชีพ,หุ้นทั่วโลก,Global Equity,4,11.7931,2026-10-01,11.25356,11.83064,,,,2.14,1.34,4.65,1.53,2.0,0.0,2.0,0.0,https://secdocumentstorage.blob.core.windows.net/fundfactsheet/M0717_2567.pdf
RMF,TALISAM,MEGA10HEALTHRMF,กองทุนเปิด MEGA 10 HEALTHCARE เพื่อการเลี้ยงชีพ,หุ้นกลุ่มอุตสาหกรรมการดูแลสุขภาพ,Health Care,5,11.7249,2026-10-01,5.48054,11.75299,,,,2.14,1.61,3.48,2.82,1.5,0.0,1.5,0.0,https://secdocumentstorage.blob.core.windows.net/fundfactsheet/M0526_2568.pdf
RMF,TISCOAM,TUSRMF-B,กองทุนเปิด ทิสโก้ ยูเอส อิควิตี้ เพื่อการเลี้ยงชีพ ชนิดลงทุนผ่านบริษัทนายจ้าง,หุ้นสหรัฐฯ,US Equity,4,32.7227,2026-10-01,9.25083,11.03205,,,,2.68,0.75,3.75,1.01,1.0,0.0,1.0,0.0,https://secdocumentstorage.blob.core.windows.net/fundfactsheet/M0696_2556.pdf
RMF,KSAM,KF-WORLD-INDXRMF,กองทุนเปิดกรุงศรีเวิลด์อิควิตี้อินเด็กซ์เพื่อการเลี้ยงชีพ,หุ้นทั่วโลก,Global Equity,4,12.5284,2026-10-01,8.74875,10.74339,,,,2.14,0.8,4.65,1.0,2.0,0.0,2.0,0.0,https://secdocumentstorage.blob.core.windows.net/fundfactsheet/M0725_2567.pdf
RMF,TISCOAM,TGQUALITYRMF-B,กองทุนเปิด ทิสโก้ โกลบอล ควอลิตี้ อิควิตี้ เพื่อการเลี้ยงชีพ ชนิดลงทุนผ่านบริษัทนายจ้าง,หุ้นทั่วโลก,Global Equity,4,12.0987,2026-10-01,7.82386,10.28998,,,,3.0,0.75,5.0,1.1,2.0,0.0,2.0,0.0,https://secdocumentstorage.blob.core.windows.net/fundfactsheet/M0152_2567.pdf
RMF,KTAM,KTWC-MODERATE RMF,กองทุนเปิดกรุงไทย World Class Moderate เพื่อการเลี้ยงชีพ,กองทุนรวมแบบผสมลงทุนต่างประเทศ,Foreign Investment Allocation,4,11.6667,2026-09-30,8.27664,10.10787,,,,2.14,0.8,7.35,1.77,2.14,0.0,2.14,0.0,https://secdocumentstorage.blob.core.windows.net/fundfactsheet/M0659_2567.pdf
RMF,TISCOAM,TGQUALITYRMF-P,กองทุนเปิด ทิสโก้ โกลบอล ควอลิตี้ อิควิตี้ เพื่อการเลี้ยงชีพ ชนิดรองรับกองทุนสํารองเลี้ยงชีพ,หุ้นทั่วโลก,Global Equity,4,12.0132,2026-10-01,7.57383,9.94655,,,,3.0,1.07,5.0,1.42,2.5,0.0,2.5,0.0,https://secdocumentstorage.blob.core.windows.net/fundfactsheet/M0152_2567.pdf
RMF,TISCOAM,TGQUALITYRMF-A,กองทุนเปิด ทิสโก้ โกลบอล ควอลิตี้ อิควิตี้ เพื่อการเลี้ยงชีพ ชนิดผู้ลงทุนทั่วไป,หุ้นทั่วโลก,Global Equity,4,12.0092,2026-10-01,7.56691,9.94013,,,,3.0,1.07,5.0,1.42,2.5,0.0,2.5,0.0,https://secdocumentstorage.blob.core.windows.net/fundfactsheet/M0152_2567.pdf
RMF,TISCOAM,TGHRMF-B,กองทุนเปิด ทิสโก้ โกลบอล เฮลธ์แคร์ เพื่อการเลี้ยงชีพ ชนิดลงทุนผ่านบริษัทนายจ้าง,หุ้นกลุ่มอุตสาหกรรมการดูแลสุขภาพ,Health Care,5,15.0056,2026-10-01,3.19723,9.62114,,,,2.68,0.94,4.82,1.2,1.5,0.0,1.5,0.0,https://secdocumentstorage.blob.core.windows.net/fundfactsheet/M0445_2558.pdf
RMF,TISCOAM,TINRMF-B,กองทุนเปิด ทิสโก้ อินคัม พลัส เพื่อการเลี้ยงชีพ ชนิดลงทุนผ่านบริษัทนายจ้าง,กองทุนรวมแบบผสมสมดุล (Moderate),Moderate Allocation,3,11.295,2026-10-02,7.63293,9.57296,,,,3.0,0.75,5.0,0.97,2.0,0.0,2.0,0.0,https://secdocumentstorage.blob.core.windows.net/fundfactsheet/M0237_2561.pdf
RMF,KSAM,KFCORERMF,กองทุนเปิดกรุงศรีโกลบอลคอร์อโลเคชั่นเพื่อการเลี้ยงชีพ,กองทุนรวมแบบผสมลงทุนต่างประเทศ,Foreign Investment Allocation,4,12.6272,2026-10-01,6.1966,9.29234,,,,2.14,1.07,4.65,1.37,2.0,0.0,2.0,0.0,https://secdocumentstorage.blob.core.windows.net/fundfactsheet/M0377_2565.pdf
RMF,KASSET,K-WPSPEEDRMF,กองทุนเปิดเค เวลธ์พลัส สปีดอัพ เพื่อการเลี้ยงชีพ,กองทุนรวมแบบผสมเชิงรุก (Aggressive),Aggressive Allocation,4,11.7131,2026-09-30,9.46413,8.94995,,,,3.21,1.18,4.87,1.45,,,2.0,0.0,https://secdocumentstorage.blob.core.windows.net/fundfactsheet/M0455_2567.pdf
RMF,TISCOAM,TGSMARTRMF-B,กองทุนเปิด ทิสโก้ โกลบอล สมาร์ท แอลโลเคชั่น เพื่อการเลี้ยงชีพ ชนิดลงทุนแบบสม่่าเสมอ,กองทุนรวมแบบผสมลงทุนต่างประเทศ,Foreign Investment Allocation,4,11.0808,2026-10-01,7.12608,8.49808,,,,3.0,0.75,5.0,1.08,2.0,0.0,2.0,0.0,https://secdocumentstorage.blob.core.windows.net/fundfactsheet/M0714_2568.pdf
RMF,TISCOAM,TGSMARTRMF-P,กองทุนเปิด ทิสโก้ โกลบอล สมาร์ท แอลโลเคชั่น เพื่อการเลี้ยงชีพ ชนิดรองรับกองทุนสํารองเลี้ยงชีพ,กองทุนรวมแบบผสมลงทุนต่างประเทศ,Foreign Investment Allocation,4,11.0465,2026-10-01,6.8668,8.16223,,,,3.0,1.07,5.0,1.4,2.5,0.0,2.5,0.0,https://secdocumentstorage.blob.core.windows.net/fundfactsheet/M0714_2568.pdf
RMF,TISCOAM,TGSMARTRMF-A,กองทุนเปิด ทิสโก้ โกลบอล สมาร์ท แอลโลเคชั่น เพื่อการเลี้ยงชีพ ชนิดผู้ลงทุนทั่วไป,กองทุนรวมแบบผสมลงทุนต่างประเทศ,Foreign Investment Allocation,4,11.0464,2026-10-01,6.86686,8.16125,,,,3.0,1.07,5.0,1.4,2.5,0.0,2.5,0.0,https://secdocumentstorage.blob.core.windows.net/fundfactsheet/M0714_2568.pdf
RMF,KASSET,K-PLANETRMF,กองทุนเปิดเค Planetary Transition เพื่อการเลี้ยงชีพ,หุ้นทั่วโลก - กลุ่มอุตสาหกรรมอื่นๆ,Other Global Sector Equity,,13.3788,2026-09-30,6.83297,7.15127,,,,3.21,1.6,4.87,1.95,,,2.0,0.0,https://secdocumentstorage.blob.core.windows.net/fundfactsheet/M0580_2566.pdf
RMF,UOBAM,UGFTRMF,กองทุนเปิด ยูไนเต็ด ซีไอโอ โกรท ฟันด์ TH เพื่อการเลี้ยงชีพ,หุ้นทั่วโลก,Global Equity,4,11.0608,2026-10-01,4.65026,6.82016,,,,2.14,1.07,5.35,1.34,2.0,0.0,2.0,0.0,https://secdocumentstorage.blob.core.windows.net/fundfactsheet/M0380_2568.pdf
RMF,KSAM,KF1MAXRMF,กองทุนเปิดกรุงศรี The One Max เพื่อการเลี้ยงชีพ,กองทุนรวมแบบผสมเชิงรุก (Aggressive),Aggressive Allocation,4,11.4938,2026-09-30,4.81115,5.35975,,,,2.14,0.0,4.65,0.32,2.0,0.0,2.0,0.0,https://secdocumentstorage.blob.core.windows.net/fundfactsheet/M0260_2566.pdf
RMF,EASTSPRING,ES-GAINCOMERMF,กองทุนเปิดอีสท์สปริง Global Multi Asset Income เพื่อการเลี้ยงชีพ,กองทุนรวมแบบผสมลงทุนต่างประเทศ,Foreign Investment Allocation,4,11.69,2026-10-01,3.54754,5.27927,,,,1.6,0.8,3.21,1.59,,,,,https://secdocumentstorage.blob.core.windows.net/fundfactsheet/M0669_2567.pdf
RMF,TALISAM,MEGA10EURORMF,กองทุนเปิด MEGA 10 EURO เพื่อการเลี้ยงชีพ,หุ้นยุโรป,European Equity,4,10.8669,2026-10-01,3.44306,5.13947,,,,1.61,1.61,2.91,2.71,1.5,0.0,1.5,0.0,https://secdocumentstorage.blob.core.windows.net/fundfactsheet/M0539_2567.pdf
RMF,TISCOAM,TGOLDRMF-P,กองทุนเปิด ทิสโก้ โกลด์ เพื่อการเลี้ยงชีพ ชนิดรองรับกองทุนสํารองเลี้ยงชีพ,สินค้าโภคภัณฑ์ประเภทโลหะมีค่า,Commodities Precious Metals,5,16.7696,2026-10-02,-5.58349,5.02004,,,,2.14,1.07,3.75,1.39,1.5,0.0,1.5,0.0,https://secdocumentstorage.blob.core.windows.net/fundfactsheet/M0819_2554.pdf
RMF,KSAM,KF1MEANRMF,กองทุนเปิดกรุงศรี The One Mean เพื่อการเลี้ยงชีพ,กองทุนรวมแบบผสมสมดุล (Moderate),Moderate Allocation,3,11.0099,2026-09-30,3.14787,3.56216,,,,2.14,0.0,4.65,0.35,2.0,0.0,2.0,0.0,https://secdocumentstorage.blob.core.windows.net/fundfactsheet/M0267_2566.pdf
RMF,KASSET,K-GSELECTRMF,กองทุนเปิดเค โกลบอล ซีเล็คท์ หุ้นทุนเพื่อการเลี้ยงชีพ,หุ้นทั่วโลก,Global Equity,4,11.2582,2026-10-01,3.6638,3.43617,,,,3.21,1.34,4.87,1.73,,,2.0,0.0,https://secdocumentstorage.blob.core.windows.net/fundfactsheet/M0612_2567.pdf
RMF,KSAM,KF-SINCOME-FXRMF,กองทุนเปิดกรุงศรีโกลบอลสมาร์ทอินคัมเอฟเอ็กซ์เพื่อการเลี้ยงชีพ,ตราสารหนี้ทั่วโลก แบบป้องกันความเสี่ยงอัตราแลกเปลี่ยนตามดุลยพินิจของผู้จัดการกองทุน,Global Bond Discretionary F/X Hedge or Unhedge,2,10.5285,2026-10-01,2.85656,2.22738,,,,2.14,0.86,4.65,1.04,2.0,0.0,2.0,0.0,https://secdocumentstorage.blob.core.windows.net/fundfactsheet/M0709_2567.pdf
RMF,KASSET,K-WPBALRMF,กองทุนเปิดเค เวลธ์พลัส บาลานซ์ เพื่อการเลี้ยงชีพ,กองทุนรวมแบบผสมเสี่ยงต่ำ (Conservative),Conservative Allocation,2,11.4082,2026-09-30,2.66466,2.1453,,,,3.21,0.75,4.87,0.81,,,2.0,0.0,https://secdocumentstorage.blob.core.windows.net/fundfactsheet/M0573_2566.pdf
RMF,UOBAM,UIFTRMF,กองทุนเปิด ยูไนเต็ด ซีไอโอ อินคัม ฟันด์ TH เพื่อการเลี้ยงชีพ,กองทุนรวมแบบผสมลงทุนต่างประเทศ,Foreign Investment Allocation,4,10.4356,2026-10-01,0.75988,1.99083,,,,2.14,1.07,5.35,1.36,2.0,0.0,2.0,0.0,https://secdocumentstorage.blob.core.windows.net/fundfactsheet/M0365_2568.pdf
RMF,KSAM,KF1MILDRMF,กองทุนเปิดกรุงศรี The One Mild เพื่อการเลี้ยงชีพ,กองทุนรวมแบบผสมเสี่ยงต่ำ (Conservative),Conservative Allocation,2,10.9232,2026-09-30,1.32839,1.96686,,,,2.14,0.0,4.65,0.3,2.0,0.0,2.0,0.0,https://secdocumentstorage.blob.core.windows.net/fundfactsheet/M0255_2566.pdf
RMF,KTAM,KT-US RMF,กองทุนเปิดเคแทม ยูเอส โกรท อิควิตี้ เพื่อการเลี้ยงชีพ,หุ้นสหรัฐฯ,US Equity,4,13.1574,2026-10-01,2.53665,1.28868,,,,2.14,1.34,5.35,1.15,3.21,0.0,3.21,0.0,https://secdocumentstorage.blob.core.windows.net/fundfactsheet/M0632_2566.pdf
RMF,TALISAM,AFMOATHRMF,กองทุนเปิด เอ เอฟ ยูเอส ไวด์ โมท เฮดจ์ เพื่อการเลี้ยงชีพ,หุ้นสหรัฐฯ,US Equity,4,12.2698,2026-10-01,-2.62373,0.859,,,,1.87,1.77,2.6,2.14,1.5,0.0,1.0,0.0,https://secdocumentstorage.blob.core.windows.net/fundfactsheet/M0525_2566.pdf
RMF,SCBAM,SCBRMMONEY,กองทุนเปิดไทยพาณิชย์ ตราสารตลาดเงิน เพื่อการเลี้ยงชีพ,ตลาดเงินทั่วไป,Money Market General,1,10.0753,2026-10-02,0.52681,0.74595,,,,1.07,0.21,2.36,0.3,3.21,0.0,3.21,0.0,https://secdocumentstorage.blob.core.windows.net/fundfactsheet/M0706_2568.pdf
RMF,BBLAM,B-OPPRMF,กองทุนเปิดบัวหลวงหุ้น Opportunities เพื่อการเลี้ยงชีพ,หุ้นทั่วโลก,Global Equity,4,9.9995,2026-09-30,1.74191,0.11915,,,,1.61,1.61,3.21,1.8,1.0,0.0,0.0,0.0,https://secdocumentstorage.blob.core.windows.net/fundfactsheet/M0731_2567.pdf
RMF,LHFUND,LHGIGORMF,กองทุนเปิด แอล เอช โกลบอล อินเวสต์เมนต์ เกรด ออพพอร์ทูนิตี้ เพื่อการเลี้ยงชีพ,ตราสารหนี้ทั่วโลก แบบป้องกันความเสี่ยงอัตราแลกเปลี่ยนตามดุลยพินิจของผู้จัดการกองทุน,Global Bond Discretionary F/X Hedge or Unhedge,2,9.7094,2026-09-30,-2.6568,-2.97101,,,,2.5,0.8,5.0,1.199,2.5,0.0,2.5,0.0,https://secdocumentstorage.blob.core.windows.net/fundfactsheet/M0589_2568.pdf
RMF,KASSET,K-GDBONDRMF,กองทุนเปิดเค โกลบอล ไดนามิก บอนด์ เพื่อการเลี้ยงชีพ,ตราสารหนี้ทั่วโลก แบบป้องกันความเสี่ยงอัตราแลกเปลี่ยนตามดุลยพินิจของผู้จัดการกองทุน,Global Bond Discretionary F/X Hedge or Unhedge,2,9.835,2026-10-01,-4.68391,-3.66343,,,,3.21,0.8,4.87,0.93,,,2.0,0.0,https://secdocumentstorage.blob.core.windows.net/fundfactsheet/M0135_2568.pdf
RMF,BBLAM,B-PREMIUMRMF,กองทุนเปิดบัวหลวง Premium Brands เพื่อการเลี้ยงชีพ,สินค้าอุปโภคบริโภคและบริการ,Global Equity - Consumer Goods and Services,,10.1713,2026-09-30,-6.93208,-4.90468,,,,2.14,1.61,3.48,1.81,1.0,0.0,1.0,0.0,https://secdocumentstorage.blob.core.windows.net/fundfactsheet/M0304_2566.pdf
RMF,KASSET,K-INDIARMF,กองทุนเปิดเค อินเดีย หุ้นทุนเพื่อการเลี้ยงชีพ,หุ้นอินเดีย,India Equity,4,9.25,2026-10-01,-11.03288,-11.49511,,,,3.21,1.6,4.87,1.72,,,2.0,0.0,https://secdocumentstorage.blob.core.windows.net/fundfactsheet/M0907_2566.pdf
RMF,ASP,ASP-INDIARMF,กองทุนเปิด แอสเซทพลัส อินเดีย ไดนามิกส์ อิควิตี้ เพื่อการเลี้ยงชีพ,หุ้นอินเดีย,India Equity,4,7.2972,2026-10-01,-13.64669,-16.29348,,,,2.0,1.61,4.49,3.17,,,,,https://secdocumentstorage.blob.core.windows.net/fundfactsheet/M0318_2567.pdf
RMF,TALISAM,MEGA10CHINARMF,กองทุนเปิด MEGA 10 CHINA เพื่อการเลี้ยงชีพ,หุ้นจีน,Greater China Equity,4,11.8702,2026-10-02,-16.86138,-27.3794,,,,1.61,1.61,2.38,1.79,1.5,0.0,1.5,0.0,https://secdocumentstorage.blob.core.windows.net/fundfactsheet/M0761_2566.pdf
RMF,TALISAM,MEGA10AICHINARMF,กองทุนเปิด MEGA 10 ARTIFICIAL INTELLIGENCE CHINA เพื่อการเลี้ยงชีพ,หุ้นจีน,Greater China Equity,4,8.976,2026-10-02,-15.45555,-29.61491,,,,1.61,1.61,4.01,2.4,1.5,0.0,1.5,0.0,https://secdocumentstorage.blob.core.windows.net/fundfactsheet/M0187_2568.pdf
RMF,EASTSPRING,ES-ULTIMATE GA1RMF,กองทุนเปิดอีสท์สปริง Ultimate Global Allocation 1 เพื่อการเลี้ยงชีพ,กองทุนรวมแบบผสมลงทุนต่างประเทศ,Foreign Investment Allocation,4,10.6931,2026-10-01,7.01447,,,,,2.14,0.0,3.74,0.16,1.5,0.0,,,https://secdocumentstorage.blob.core.windows.net/fundfactsheet/M0791_2568.pdf
RMF,EASTSPRING,ES-ULTIMATE GA2RMF,กองทุนเปิดอีสท์สปริง Ultimate Global Allocation 2 เพื่อการเลี้ยงชีพ,กองทุนรวมแบบผสมลงทุนต่างประเทศ,Foreign Investment Allocation,4,11.2323,2026-10-01,11.67417,,,,,2.14,0.0,3.74,0.16,1.5,0.0,,,https://secdocumentstorage.blob.core.windows.net/fundfactsheet/M0873_2568.pdf
RMF,EASTSPRING,ES-ULTIMATE GA3RMF,กองทุนเปิดอีสท์สปริง Ultimate Global Allocation 3 เพื่อการเลี้ยงชีพ,กองทุนรวมแบบผสมลงทุนต่างประเทศ,Foreign Investment Allocation,4,11.3709,2026-10-01,13.21876,,,,,2.14,0.0,3.74,0.16,1.5,0.0,,,https://secdocumentstorage.blob.core.windows.net/fundfactsheet/M0874_2568.pdf
RMF,KKPAM,KKP US500 RMF-UH,กองทุนเปิดเคเคพี US500 เพื่อการเลี้ยงชีพ - UNHEDGED,หุ้นสหรัฐฯ,US Equity,4,11.919,2026-10-01,19.02218,,,,,2.68,0.54,4.82,0.67,2.0,0.0,2.0,0.0,https://secdocumentstorage.blob.core.windows.net/fundfactsheet/M0869_2568.pdf
RMF,KKPAM,KKP INDIA RMF-UH,กองทุนเปิดเคเคพี อินเดีย เพื่อการเลี้ยงชีพ อันเฮดจ์,หุ้นอินเดีย,India Equity,4,8.9228,2026-09-30,-7.51467,,,,,2.68,1.23,4.82,1.36,2.0,0.0,2.0,0.0,https://secdocumentstorage.blob.core.windows.net/fundfactsheet/M0872_2568.pdf
RMF,TALISAM,MEGA10CHINATECHRMF,กองทุนเปิด MEGA 10 CHINA TECHNOLOGY เพื่อการเลี้ยงชีพ,หุ้นจีน,Greater China Equity,4,7.3482,2026-09-30,-20.81254,,,,,2.14,0.0,4.55,0.13,1.5,0.0,1.5,0.0,https://secdocumentstorage.blob.core.windows.net/fundfactsheet/M0936_2568.pdf
RMF,TALISAM,MEGA10CHINAPOPRMF,กองทุนเปิด MEGA 10 CHINA POPULAR CONSUMER BRAND เพื่อการเลี้ยงชีพ,หุ้นจีน,Greater China Equity,4,7.3212,2026-09-30,-21.46573,,,,,2.14,0.0,4.55,0.13,1.5,0.0,1.5,0.0,https://secdocumentstorage.blob.core.windows.net/fundfactsheet/M0917_2568.pdf
RMF,KSAM,KF-JP-INDXRMF,กองทุนเปิดกรุงศรีเจแปนอิควิตี้อินเด็กซ์เพื่อการเลี้ยงชีพ,หุ้นญี่ปุ่น,Japan Equity,4,13.9989,2026-10-02,34.10578,,,,,2.14,0.8,4.65,1.0,2.0,0.0,2.0,0.0,https://secdocumentstorage.blob.core.windows.net/fundfactsheet/M0865_2568.pdf
RMF,KSAM,KF-HSHARE-INDXRMF,กองทุนเปิดกรุงศรีไชน่าเอชแชร์อิควิตี้อินเด็กซ์เพื่อการเลี้ยงชีพ,หุ้นจีน,Greater China Equity,4,8.7784,2026-10-02,-11.15969,,,,,2.14,0.8,4.65,1.0,2.0,0.0,2.0,0.0,https://secdocumentstorage.blob.core.windows.net/fundfactsheet/M0866_2568.pdf
RMF,KSAM,KF-CSI300-INDXRMF,กองทุนเปิดกรุงศรีไชน่าอิควิตี้ CSI 300 เพื่อการเลี้ยงชีพ,หุ้นจีน A-Shares,China Equity - A Shares,,9.4326,2026-10-02,-7.75685,,,,,2.14,0.8,4.65,1.0,2.0,0.0,2.0,0.0,https://secdocumentstorage.blob.core.windows.net/fundfactsheet/M0863_2568.pdf
RMF,KSAM,KF-US-PLUSRMF,กองทุนเปิดกรุงศรียูเอสซีเล็คอิควิตี้พลัสเพื่อการเลี้ยงชีพ,หุ้นสหรัฐฯ,US Equity,4,10.663,2026-10-01,4.1858,,,,,2.14,1.28,4.65,1.48,2.0,0.0,2.0,0.0,https://secdocumentstorage.blob.core.windows.net/fundfactsheet/M0867_2568.pdf
RMF,KSAM,KF-GDIVRMF,กองทุนเปิดกรุงศรีโกลบอลดิวิเดนด์เพื่อการเลี้ยงชีพ,หุ้นทั่วโลก - ป้องกันความเสี่ยงอัตราแลกเปลี่ยนเต็มที่,Global Equity Fully FX Risk Hedge,,10.2123,2026-10-01,0.54841,,,,,2.14,1.34,4.65,1.53,2.0,0.0,2.0,0.0,https://secdocumentstorage.blob.core.windows.net/fundfactsheet/M0862_2568.pdf
RMF,KTAM,KT-TECHNOLOGY RMF,กองทุนเปิดเคแทม World Technology เพื่อการเลี้ยงชีพ,หุ้นกลุ่มเทคโนโลยี,Technology Equity,,11.4511,2026-10-01,12.19199,,,,,2.14,1.07,5.35,1.32,3.21,0.0,3.21,0.0,https://secdocumentstorage.blob.core.windows.net/fundfactsheet/M0966_2568.pdf
RMF,KTAM,KT-GESG RMF,กองทุนเปิดเคแทม Global Sustainable Growth Equity เพื่อการเลี้ยงชีพ,หุ้นทั่วโลก,Global Equity,4,11.2022,2026-10-01,9.7405,,,,,2.14,0.8,5.35,1.04,3.21,0.0,3.21,0.0,https://secdocumentstorage.blob.core.windows.net/fundfactsheet/M0633_2566.pdf
RMF,BBLAM,B-USPASSIVERMF,กองทุนเปิดบัวหลวงหุ้นยูเอสพาสซีฟเพื่อการเลี้ยงชีพ,หุ้นสหรัฐฯ,US Equity,4,11.6025,2026-10-01,18.68108,,,,,0.8,0.54,2.14,0.81,1.0,0.0,0.0,0.0,https://secdocumentstorage.blob.core.windows.net/fundfactsheet/M0837_2568.pdf
RMF,EASTSPRING,ES-INDAERMF,กองทุนเปิดอีสท์สปริง India Active Equity เพื่อการเลี้ยงชีพ,หุ้นอินเดีย,India Equity,4,8.475,2026-10-01,-12.43297,,,,,2.14,1.6,3.74,1.78,,,,,https://secdocumentstorage.blob.core.windows.net/fundfactsheet/M0833_2568.pdf
RMF,TALISAM,MEGA10CYBERRMF,กองทุนเปิด MEGA 10 CYBERSECURITY AND ENTERPRISE SOFTWARE เพื่อการเลี้ยงชีพ,หุ้นกลุ่มเทคโนโลยี,Technology Equity,,9.7553,2026-10-01,-1.12905,,,,,2.14,1.61,3.53,1.75,1.5,0.0,1.5,0.0,https://secdocumentstorage.blob.core.windows.net/fundfactsheet/M1015_2568.pdf
RMF,LHFUND,LHCYBERRMF,กองทุนเปิด แอล เอช โกลบอล ไซเบอร์ ซีเคียวริตี้ เพื่อการเลี้ยงชีพ,หุ้นกลุ่มเทคโนโลยี,Technology Equity,,13.4103,2026-10-01,37.60222,,,,,2.5,1.444,5.0,1.943,2.5,0.0,2.5,0.0,https://secdocumentstorage.blob.core.windows.net/fundfactsheet/M0705_2568.pdf
RMF,TALISAM,TLUS500RMF,กองทุนเปิดทาลิส หุ้นยูเอส 500 เพื่อการเลี้ยงชีพ,หุ้นสหรัฐฯ,US Equity,4,11.7992,2026-10-01,18.67676,,,,,1.61,0.45,4.07,0.59,1.0,0.0,1.0,0.0,https://secdocumentstorage.blob.core.windows.net/fundfactsheet/M1027_2568.pdf
RMF,TALISAM,TLUSNDQRMF,กองทุนเปิดทาลิส หุ้นยูเอส เอ็นดีคิว เพื่อการเลี้ยงชีพ,หุ้นสหรัฐฯ,US Equity,4,12.4296,2026-10-01,26.24523,,,,,1.61,0.45,4.07,0.59,1.0,0.0,1.0,0.0,https://secdocumentstorage.blob.core.windows.net/fundfactsheet/M1087_2568.pdf
RMF,MFC,MGALL-RMF,กองทุนเปิดเอ็มเอฟซี โกลบอล สตราทีจิค อัลโลเคชัน เพื่อการเลี้ยงชีพ,กองทุนรวมแบบผสมลงทุนต่างประเทศ,Foreign Investment Allocation,4,10.0444,2026-10-01,0.68262,,,,,1.6,1.6,2.85,1.93,1.0,0.5,1.0,0.0,https://secdocumentstorage.blob.core.windows.net/fundfactsheet/M0992_2568.pdf
RMF,KTAM,KTWC-INCOME RMF,กองทุนเปิดกรุงไทย World Class Income เพื่อการเลี้ยงชีพ,กองทุนรวมแบบผสมลงทุนต่างประเทศ,Foreign Investment Allocation,4,10.1273,2026-09-30,1.03758,,,,,3.21,0.8,6.28,0.94,2.14,0.0,2.14,0.0,https://secdocumentstorage.blob.core.windows.net/fundfactsheet/M1029_2568.pdf
RMF,TALISAM,TLAWSRMF,กองทุนเปิดทาลิส ALL WEATHER STRATEGY เพื่อการเลี้ยงชีพ,กองทุนรวมแบบผสมลงทุนต่างประเทศ,Foreign Investment Allocation,4,12.9394,2026-10-01,27.35881,,,,,2.14,1.71,4.6,1.85,1.5,0.0,1.0,0.0,https://secdocumentstorage.blob.core.windows.net/fundfactsheet/M0948_2568.pdf
RMF,KTAM,KT-PRECIOUS RMF,กองทุนเปิดเคแทม World Gold and Precious Equity เพื่อการเลี้ยงชีพ,หุ้นทั่วโลก - กลุ่มอุตสาหกรรมอื่นๆ,Other Global Sector Equity,,10.4312,2026-10-01,6.70431,,,,,2.14,1.07,5.35,1.32,3.21,0.0,3.21,0.0,https://secdocumentstorage.blob.core.windows.net/fundfactsheet/M1085_2568.pdf
RMF,TALISAM,TLDEFENSERMF,กองทุนเปิดทาลิส DEFENSE TECH เพื่อการเลี้ยงชีพ,หุ้นทั่วโลก - กลุ่มอุตสาหกรรมอื่นๆ,Other Global Sector Equity,,8.7575,2026-10-01,,,,,,2.14,1.61,4.6,1.74,1.5,0.0,1.5,0.0,https://secdocumentstorage.blob.core.windows.net/fundfactsheet/M0093_2569.pdf
RMF,TALISAM,TLWORLDRMF,กองทุนเปิดทาลิส WORLD STOCK เพื่อการเลี้ยงชีพ,หุ้นทั่วโลก,Global Equity,4,11.5482,2026-10-01,,,,,,2.14,0.45,4.6,0.59,1.5,0.0,1.5,0.0,https://secdocumentstorage.blob.core.windows.net/fundfactsheet/M0153_2569.pdf
RMF,TALISAM,TLUSHDRMF,กองทุนเปิดทาลิส U.S. DIVIDEND EQUITY เพื่อการเลี้ยงชีพ,หุ้นสหรัฐฯ,US Equity,4,10.6988,2026-10-01,,,,,,2.14,1.28,4.6,1.48,1.5,0.0,1.5,0.0,https://secdocumentstorage.blob.core.windows.net/fundfactsheet/M0411_2569.pdf
RMF,TALISAM,TLUSHGRMF,กองทุนเปิดทาลิส U.S. LARGE-CAP GROWTH EQUITY เพื่อการเลี้ยงชีพ,หุ้นสหรัฐฯ,US Equity,4,10.6754,2026-10-01,,,,,,2.14,0.79,4.6,0.98,1.5,0.0,1.5,0.0,https://secdocumentstorage.blob.core.windows.net/fundfactsheet/M0530_2569.pdf
RMF,KASSET,K-WPLIGHTRMF,กองทุนเปิดเค เวลธ์พลัส ไลท์ เพื่อการเลี้ยงชีพ,กองทุนรวมแบบผสมเสี่ยงต่ำ (Conservative),Conservative Allocation,2,9.7537,2026-09-30,,,,,,3.21,0.64,4.87,0.7,,,2.0,0.0,https://secdocumentstorage.blob.core.windows.net/fundfactsheet/M0250_2569.pdf
RMF,TALISAM,TLWORLDXUSRMF,กองทุนเปิดทาลิส เวิลด์ เอ็กซ์ ยูเอส เพื่อการเลี้ยงชีพ,หุ้นสหรัฐฯ,US Equity,4,9.9171,2026-10-01,,,,,,2.14,0.79,4.6,0.98,1.5,0.0,1.5,0.0,https://secdocumentstorage.blob.core.windows.net/fundfactsheet/M0700_2569.pdf
RMF,TALISAM,TLCOREWEALTHRMF,กองทุนเปิดทาลิส CORE WEALTH BALANCED ALLOCATION เพื่อการเลี้ยงชีพ,กองทุนรวมแบบผสมลงทุนต่างประเทศ,Foreign Investment Allocation,4,9.9284,2026-10-01,,,,,,2.14,0.45,4.6,0.59,1.5,0.0,1.5,0.0,https://secdocumentstorage.blob.core.windows.net/fundfactsheet/M0729_2569.pdf
RMF,KASSET,K-GNEXTRMF,กองทุนเปิดเค Global Next Generation เพื่อการเลี้ยงชีพ,หุ้นทั่วโลก,Global Equity,4,9.9184,2026-10-01,,,,,,3.21,1.6,4.87,1.66,,,2.0,0.0,https://secdocumentstorage.blob.core.windows.net/fundfactsheet/M0721_2569.pdf
RMF,TALISAM,TLUSGOVRMF,กองทุนเปิดทาลิส พันธบัตรรัฐบาลสหรัฐ ระยะสั้น เพื่อการเลี้ยงชีพ,ตราสารหนี้ทั่วโลก แบบป้องกันความเสี่ยงอัตราแลกเปลี่ยนตามดุลยพินิจของผู้จัดการกองทุน,Global Bond Discretionary F/X Hedge or Unhedge,2,10.2247,2026-10-01,,,,,,2.14,0.29,4.6,0.45,1.5,0.0,1.5,0.0,https://secdocumentstorage.blob.core.windows.net/fundfactsheet/M0880_2569.pdf
RMF,DAOL,DAOL-GTECHRMF,กองทุนเปิด ดาโอ โกลบอล เทคโนโลยี เพื่อการเลี้ยงชีพ,หุ้นกลุ่มเทคโนโลยี,Technology Equity,,9.9389,2026-09-30,,,,,,,,,,,,,,https://secdocumentstorage.blob.core.windows.net/fundfactsheet/M0739_2569.pdf
RMF,TALISAM,TLWORLDHDRMF,กองทุนเปิดทาลิส WORLD HIGH DIVIDEND YIELD เพื่อการเลี้ยงชีพ,หุ้นทั่วโลก,Global Equity,4,9.8496,2026-10-01,,,,,,,,,,,,,,https://secdocumentstorage.blob.core.windows.net/fundfactsheet/M0950_2569.pdf
RMF,BBLAM,B-WEALTHBRMF,กองทุนเปิดบัวหลวง Wealth Balanced เพื่อการเลี้ยงชีพ,กองทุนรวมแบบผสมสมดุล (Moderate),Moderate Allocation,3,,,,,,,,1.34,0.96,2.68,1.03,1.0,0.0,0.0,0.0,https://secdocumentstorage.blob.core.windows.net/fundfactsheet/M0733_2569.pdf
RMF,BBLAM,B-WEALTHCRMF,กองทุนเปิดบัวหลวง Wealth Conservative เพื่อการเลี้ยงชีพ,กองทุนรวมแบบผสมเสี่ยงต่ำ (Conservative),Conservative Allocation,2,,,,,,,,1.34,0.64,2.68,0.71,1.0,0.0,0.0,0.0,https://secdocumentstorage.blob.core.windows.net/fundfactsheet/M0717_2569.pdf
RMF,BBLAM,B-WEALTHDRMF,กองทุนเปิดบัวหลวง Wealth Dynamic เพื่อการเลี้ยงชีพ,กองทุนรวมแบบผสมเชิงรุก (Aggressive),Aggressive Allocation,4,,,,,,,,1.34,1.07,2.68,1.14,1.0,0.0,0.0,0.0,https://secdocumentstorage.blob.core.windows.net/fundfactsheet/M0736_2569.pdf
RMF,BBLAM,B-WEALTHGRMF,กองทุนเปิดบัวหลวง Wealth Growth เพื่อการเลี้ยงชีพ,กองทุนรวมแบบผสมเชิงรุก (Aggressive),Aggressive Allocation,4,,,,,,,,1.34,1.18,2.68,1.25,1.0,0.0,0.0,0.0,https://secdocumentstorage.blob.core.windows.net/fundfactsheet/M0737_2569.pdf
RMF,BBLAM,B-WEALTHMRMF,กองทุนเปิดบัวหลวง Wealth Moderate เพื่อการเลี้ยงชีพ,กองทุนรวมแบบผสมสมดุล (Moderate),Moderate Allocation,3,,,,,,,,1.34,0.75,2.68,0.82,1.0,0.0,0.0,0.0,https://secdocumentstorage.blob.core.windows.net/fundfactsheet/M0724_2569.pdf
ThaiESG,TISCOAM,TDSThaiESG-A,กองทุนเปิด ทิสโก้ หุ้นปันผลไทยเพื่อความยั่งยืน ชนิดไทยเพื่อความยั่งยืนสะสมผลตอบแทน,หุ้นไทยทั่วไป,Equity General,4,14.5005,2026-10-02,42.01974,36.74815,,,,3.0,1.61,5.0,1.83,2.5,0.0,2.5,0.0,https://secdocumentstorage.blob.core.windows.net/fundfactsheet/M0793_2567.pdf
ThaiESG,TISCOAM,TDSThaiESG-D,กองทุนเปิด ทิสโก้ หุ้นปันผลไทยเพื่อความยั่งยืน ชนิดไทยเพื่อความยั่งยืนปันผล,หุ้นไทยทั่วไป,Equity General,4,14.1606,2026-10-02,41.97231,36.70109,,,,3.0,1.61,5.0,1.83,2.5,0.0,2.5,0.0,https://secdocumentstorage.blob.core.windows.net/fundfactsheet/M0793_2567.pdf
ThaiESG,ASP,ASP-ThaiESG,กองทุนเปิด แอสเซทพลัส หุ้นไทยเพื่อความยั่งยืน,หุ้นไทยทั่วไป,Equity General,4,12.2359,2026-10-02,34.2318,32.49342,,,,1.99,1.61,4.49,2.79,,,,,https://secdocumentstorage.blob.core.windows.net/fundfactsheet/M0804_2566.pdf
ThaiESG,KASSET,K-TNZ-ThaiESG,กองทุนเปิดเค Target Net Zero หุ้นไทย,หุ้นไทยขนาดใหญ่,Equity Large Cap,4,12.909,2026-10-02,31.03588,30.59841,,,,1.07,0.43,2.89,0.67,1.0,0.0,1.0,0.0,https://secdocumentstorage.blob.core.windows.net/fundfactsheet/M0799_2566.pdf
ThaiESG,SCBAM,SCBTP(ThaiESGE),กองทุนเปิดไทยพาณิชย์ หุ้นไทยยั่งยืนพาสซีฟ ชนิดไทยเพื่อความยั่งยืนผ่านช่องทางอิเล็กทรอนิกส์,หุ้นไทยขนาดใหญ่,Equity Large Cap,4,12.4689,2026-10-02,30.90159,30.44283,,,,0.8,0.0,2.09,0.13,3.21,0.0,3.21,0.0,https://secdocumentstorage.blob.core.windows.net/fundfactsheet/M0850_2566.pdf
ThaiESG,EASTSPRING,ES-SETESG-ThaiESG-D,กองทุนเปิดอีสท์สปริง SETESG ชนิดไทยเพื่อความยั่งยืนจ่ายเงินปันผล,หุ้นไทยขนาดใหญ่,Equity Large Cap,4,11.3837,2026-10-02,30.32743,29.97168,,,,1.6,0.5,2.4,0.67,1.5,0.0,,,https://secdocumentstorage.blob.core.windows.net/fundfactsheet/M0815_2566.pdf
ThaiESG,EASTSPRING,ES-SETESG-ThaiESG-A,กองทุนเปิดอีสท์สปริง SETESG ชนิดไทยเพื่อความยั่งยืนสะสมมูลค่า,หุ้นไทยขนาดใหญ่,Equity Large Cap,4,12.1431,2026-10-02,30.32433,29.96725,,,,1.6,0.5,2.4,0.67,1.5,0.0,,,https://secdocumentstorage.blob.core.windows.net/fundfactsheet/M0815_2566.pdf
ThaiESG,SCBAM,SCBTP(ThaiESG),กองทุนเปิดไทยพาณิชย์ หุ้นไทยยั่งยืนพาสซีฟ ชนิดไทยเพื่อความยั่งยืน,หุ้นไทยขนาดใหญ่,Equity Large Cap,4,12.3389,2026-10-02,30.4034,29.78479,,,,0.8,0.5,2.09,0.63,3.21,0.0,3.21,0.0,https://secdocumentstorage.blob.core.windows.net/fundfactsheet/M0850_2566.pdf
ThaiESG,SCBAM,SCBTP(ThaiESGA),กองทุนเปิดไทยพาณิชย์ หุ้นไทยยั่งยืนพาสซีฟ ชนิดไทยเพื่อความยั่งยืนแบบสะสมมูลค่า,หุ้นไทยขนาดใหญ่,Equity Large Cap,4,12.3388,2026-10-02,30.40234,29.78374,,,,0.8,0.5,2.09,0.63,3.21,0.0,3.21,0.0,https://secdocumentstorage.blob.core.windows.net/fundfactsheet/M0850_2566.pdf
ThaiESG,KSAM,KFTHAIESGA,กองทุนเปิดกรุงศรีเอ็นแฮนซ์เซ็ทไทยเพื่อความยั่งยืน ชนิดไทยเพื่อความยั่งยืนสะสมมูลค่า,หุ้นไทยขนาดใหญ่,Equity Large Cap,4,11.9726,2026-10-02,30.91533,29.48531,,,,2.14,0.7,4.65,0.89,2.0,0.0,2.0,0.0,https://secdocumentstorage.blob.core.windows.net/fundfactsheet/M0820_2566.pdf
ThaiESG,KSAM,KFTHAIESGD,กองทุนเปิดกรุงศรีเอ็นแฮนซ์เซ็ทไทยเพื่อความยั่งยืน ชนิดไทยเพื่อความยั่งยืนปันผล,หุ้นไทยขนาดใหญ่,Equity Large Cap,4,11.9726,2026-10-02,30.91533,29.48531,,,,2.14,0.7,4.65,0.89,2.0,0.0,2.0,0.0,https://secdocumentstorage.blob.core.windows.net/fundfactsheet/M0820_2566.pdf
ThaiESG,MFC,MT25-ThaiESG,กองทุนเปิดเอ็มเอฟซีท็อป 25 หุ้นไทยเพื่อความยั่งยืน,หุ้นไทยขนาดใหญ่,Equity Large Cap,4,12.7129,2026-10-02,27.41441,29.43818,,,,1.6,1.6,2.85,1.93,1.0,0.5,1.0,0.0,https://secdocumentstorage.blob.core.windows.net/fundfactsheet/M0836_2566.pdf
ThaiESG,KTAM,KTESG50-ThaiESG,กองทุนเปิดกรุงไทย ESG50 ชนิดไทยเพื่อความยั่งยืน,หุ้นไทยขนาดใหญ่,Equity Large Cap,4,11.949,2026-10-02,28.48972,28.85563,,,,2.14,0.64,5.35,0.84,3.21,0.0,3.21,0.0,https://secdocumentstorage.blob.core.windows.net/fundfactsheet/M0854_2566.pdf
ThaiESG,KKPAM,KKP EQ THAI ESG,กองทุนเปิดเคเคพี หุ้นไทยเพื่อความยั่งยืน,หุ้นไทยทั่วไป,Equity General,4,10.751,2026-10-02,32.10376,28.49442,,,,2.68,1.61,4.82,1.76,2.0,0.0,2.0,0.0,https://secdocumentstorage.blob.core.windows.net/fundfactsheet/M0851_2566.pdf
ThaiESG,KTAM,KTAG-ThaiESG,กองทุนเปิดกรุงไทย ESG A Grade ชนิดไทยเพื่อความยั่งยืน,หุ้นไทยขนาดใหญ่,Equity Large Cap,4,11.6798,2026-10-02,28.34669,27.92346,,,,2.14,1.88,5.35,2.08,3.21,0.0,3.21,0.0,https://secdocumentstorage.blob.core.windows.net/fundfactsheet/M0821_2566.pdf
ThaiESG,SCBAM,SCBTD(ThaiESGE),กองทุนเปิดไทยพาณิชย์ หุ้นไทยยั่งยืนปันผล ชนิดไทยเพื่อความยั่งยืนผ่านช่องทางอิเล็กทรอนิกส์,หุ้นไทยขนาดใหญ่,Equity Large Cap,4,11.6234,2026-10-02,26.82032,27.73187,,,,2.14,0.0,3.21,0.09,3.21,0.0,3.21,0.0,https://secdocumentstorage.blob.core.windows.net/fundfactsheet/M0822_2567.pdf
ThaiESG,FPAM,FP ThaiESG-A,กองทุนเปิด เฟิร์ส พลัส ไทยเพื่อความยั่งยืน ชนิดไทยเพื่อความยั่งยืนสะสมมูลค่า,หุ้นไทยทั่วไป,Equity General,4,10.1764,2026-10-02,28.6247,27.44875,,,,2.14,1.6,5.35,2.63,2.0,0.0,2.0,0.0,https://secdocumentstorage.blob.core.windows.net/fundfactsheet/M0844_2566.pdf
ThaiESG,FPAM,FP ThaiESG-D,กองทุนเปิด เฟิร์ส พลัส ไทยเพื่อความยั่งยืน ชนิดไทยเพื่อความยั่งยืนปันผล,หุ้นไทยทั่วไป,Equity General,4,10.1565,2026-10-02,28.54214,27.33826,,,,2.14,1.6,5.35,2.63,2.0,0.0,2.0,0.0,https://secdocumentstorage.blob.core.windows.net/fundfactsheet/M0844_2566.pdf
ThaiESG,LHFUND,LHTHAIESG-A,กองทุนเปิด แอล เอช หุ้นไทยเพื่อความยั่งยืน ชนิดไทยเพื่อความยั่งยืนสะสมมูลค่า,หุ้นไทยขนาดใหญ่,Equity Large Cap,4,10.11,2026-10-02,23.09153,27.16021,,,,3.21,1.07,4.28,1.859,2.5,0.0,2.5,0.0,https://secdocumentstorage.blob.core.windows.net/fundfactsheet/M0810_2566.pdf
ThaiESG,LHFUND,LHTHAIESG-D,กองทุนเปิด แอล เอช หุ้นไทยเพื่อความยั่งยืน ชนิดไทยเพื่อความยั่งยืนจ่ายเงินปันผล,หุ้นไทยขนาดใหญ่,Equity Large Cap,4,9.2863,2026-10-02,23.04426,27.12779,,,,3.21,1.07,4.28,1.859,2.5,0.0,2.5,0.0,https://secdocumentstorage.blob.core.windows.net/fundfactsheet/M0810_2566.pdf
ThaiESG,SCBAM,SCBTA(ThaiESGE),กองทุนเปิดไทยพาณิชย์ หุ้นไทยยั่งยืนแอคทีฟ ชนิดไทยเพื่อความยั่งยืนผ่านช่องทางอิเล็กทรอนิกส์,หุ้นไทยขนาดใหญ่,Equity Large Cap,4,12.5595,2026-10-02,27.87762,26.57596,,,,2.14,0.0,3.21,0.09,3.21,0.0,3.21,0.0,https://secdocumentstorage.blob.core.windows.net/fundfactsheet/M0848_2566.pdf
ThaiESG,PRINCIPAL,PRINCIPAL EQESG-ThaiESG,กองทุนเปิดพรินซิเพิล อิควิตี้ ESG ชนิดไทยเพื่อความยั่งยืน,หุ้นไทยขนาดใหญ่,Equity Large Cap,4,11.6633,2026-10-02,28.44337,26.14837,,,,2.14,1.872,6.22,2.837,2.14,0.0,1.07,0.0,https://secdocumentstorage.blob.core.windows.net/fundfactsheet/M0845_2566.pdf
ThaiESG,TISCOAM,T-ThaiESG-A,กองทุนเปิด ทิสโก้ หุ้นไทยเพื่อความยั่งยืน ชนิดไทยเพื่อความยั่งยืนสะสมผลตอบแทน,หุ้นไทยขนาดใหญ่,Equity Large Cap,4,12.5448,2026-10-02,31.48996,26.10374,,,,3.0,1.61,5.0,1.83,2.5,0.0,2.5,0.0,https://secdocumentstorage.blob.core.windows.net/fundfactsheet/M0793_2566.pdf
ThaiESG,TISCOAM,T-ThaiESG-D,กองทุนเปิด ทิสโก้ หุ้นไทยเพื่อความยั่งยืน ชนิดไทยเพื่อความยั่งยืนปันผล,หุ้นไทยขนาดใหญ่,Equity Large Cap,4,12.1558,2026-10-02,31.45266,26.06797,,,,3.0,1.61,5.0,1.83,2.5,0.0,2.5,0.0,https://secdocumentstorage.blob.core.windows.net/fundfactsheet/M0793_2566.pdf
ThaiESG,SCBAM,SCBTD(ThaiESG),กองทุนเปิดไทยพาณิชย์ หุ้นไทยยั่งยืนปันผล ชนิดไทยเพื่อความยั่งยืน,หุ้นไทยขนาดใหญ่,Equity Large Cap,4,11.2679,2026-10-02,25.29081,25.69803,,,,2.14,1.61,3.21,1.7,3.21,0.0,3.21,0.0,https://secdocumentstorage.blob.core.windows.net/fundfactsheet/M0822_2567.pdf
ThaiESG,SCBAM,SCBTD(ThaiESGA),กองทุนเปิดไทยพาณิชย์ หุ้นไทยยั่งยืนปันผล ชนิดไทยเพื่อความยั่งยืนแบบสะสมมูลค่า,หุ้นไทยขนาดใหญ่,Equity Large Cap,4,11.602,2026-10-02,25.28887,25.69608,,,,2.14,1.61,3.21,1.7,3.21,0.0,3.21,0.0,https://secdocumentstorage.blob.core.windows.net/fundfactsheet/M0822_2567.pdf
ThaiESG,ONEAM,ONE-THAIESG,กองทุนเปิด วรรณ หุ้นไทยเพื่อความยั่งยืน,หุ้นไทยขนาดใหญ่,Equity Large Cap,4,12.0995,2026-10-02,26.35894,25.66731,,,,2.5,1.6,5.1,2.69,2.14,0.0,2.14,0.0,https://secdocumentstorage.blob.core.windows.net/fundfactsheet/M0818_2566.pdf
ThaiESG,UOBAM,UTSEQ-THAIESG,กองทุนเปิด ยูไนเต็ด หุ้นไทย ซัสเทนเนเบิล ชนิดไทยเพื่อความยั่งยืน,หุ้นไทยทั่วไป,Equity General,4,11.3213,2026-10-02,28.28087,24.68667,,,,2.68,1.61,5.35,1.84,3.0,0.0,2.0,0.0,https://secdocumentstorage.blob.core.windows.net/fundfactsheet/M0853_2566.pdf
ThaiESG,SCBAM,SCBTA(ThaiESGA),กองทุนเปิดไทยพาณิชย์ หุ้นไทยยั่งยืนแอคทีฟ ชนิดไทยเพื่อความยั่งยืนแบบสะสมมูลค่า,หุ้นไทยขนาดใหญ่,Equity Large Cap,4,12.0799,2026-10-02,26.08446,24.23407,,,,2.14,1.87,3.21,1.96,3.21,0.0,3.21,0.0,https://secdocumentstorage.blob.core.windows.net/fundfactsheet/M0848_2566.pdf
ThaiESG,SCBAM,SCBTA(ThaiESG),กองทุนเปิดไทยพาณิชย์ หุ้นไทยยั่งยืนแอคทีฟ ชนิดไทยเพื่อความยั่งยืน,หุ้นไทยขนาดใหญ่,Equity Large Cap,4,12.0797,2026-10-02,26.08237,24.23074,,,,2.14,1.87,3.21,1.96,3.21,0.0,3.21,0.0,https://secdocumentstorage.blob.core.windows.net/fundfactsheet/M0848_2566.pdf
ThaiESG,BBLAM,B-EQ-THAIESG,กองทุนรวมบัวหลวงหุ้นไทยเพื่อความยั่งยืน,หุ้นไทยขนาดใหญ่,Equity Large Cap,4,11.2485,2026-10-02,23.46607,23.9709,,,,1.61,1.61,2.94,1.77,1.0,0.0,0.0,0.0,https://secdocumentstorage.blob.core.windows.net/fundfactsheet/M0698_2567.pdf
ThaiESG,SCBAM,SCBTM(ThaiESGE),กองทุนเปิดไทยพาณิชย์ ไทยผสมยั่งยืน ชนิดไทยเพื่อความยั่งยืนผ่านช่องทางอิเล็กทรอนิกส์,กองทุนรวมแบบผสมเชิงรุก (Aggressive),Aggressive Allocation,4,12.5034,2026-10-02,21.93086,21.47125,,,,1.61,0.0,2.9,0.09,3.21,0.0,3.21,0.0,https://secdocumentstorage.blob.core.windows.net/fundfactsheet/M0843_2566.pdf
ThaiESG,BBLAM,B-TOP-THAIESG,กองทุนรวมบัวหลวงทศพลไทยเพื่อความยั่งยืน,หุ้นไทยขนาดใหญ่,Equity Large Cap,4,11.7589,2026-10-02,19.74196,21.09344,,,,2.14,1.61,3.48,1.76,1.0,0.0,0.0,0.0,https://secdocumentstorage.blob.core.windows.net/fundfactsheet/M0770_2566.pdf
ThaiESG,TALISAM,MEGA20THAIESG,กองทุนเปิด MEGA 20 ไทยเพื่อความยั่งยืน,หุ้นไทยขนาดใหญ่,Equity Large Cap,4,10.035,2026-10-02,23.02317,20.44361,,,,1.61,1.61,2.38,1.82,1.5,0.0,1.5,0.0,https://secdocumentstorage.blob.core.windows.net/fundfactsheet/M0822_2566.pdf
ThaiESG,SCBAM,SCBTM(ThaiESGA),กองทุนเปิดไทยพาณิชย์ ไทยผสมยั่งยืน ชนิดไทยเพื่อความยั่งยืนแบบสะสมมูลค่า,กองทุนรวมแบบผสมเชิงรุก (Aggressive),Aggressive Allocation,4,12.0922,2026-10-02,20.46064,19.53657,,,,1.61,1.61,2.9,1.69,3.21,0.0,3.21,0.0,https://secdocumentstorage.blob.core.windows.net/fundfactsheet/M0843_2566.pdf
ThaiESG,SCBAM,SCBTM(ThaiESG),กองทุนเปิดไทยพาณิชย์ ไทยผสมยั่งยืน ชนิดไทยเพื่อความยั่งยืน,กองทุนรวมแบบผสมเชิงรุก (Aggressive),Aggressive Allocation,4,12.0921,2026-10-02,20.45844,19.5344,,,,1.61,1.61,2.9,1.69,3.21,0.0,3.21,0.0,https://secdocumentstorage.blob.core.windows.net/fundfactsheet/M0843_2566.pdf
ThaiESG,MFC,MFLEX-ThaiESG,กองทุนเปิดเอ็มเอฟซีเฟล็กซิเบิลไทยเพื่อความยั่งยืน,กองทุนรวมแบบผสมเชิงรุก (Aggressive),Aggressive Allocation,4,11.7668,2026-10-02,18.37232,17.59509,,,,1.6,1.6,2.85,1.93,1.0,0.5,1.0,0.0,https://secdocumentstorage.blob.core.windows.net/fundfactsheet/M0849_2566.pdf
ThaiESG,KTAM,KTAG70/30-ThaiESG,กองทุนเปิดกรุงไทย ESG A Grade 70/30 ชนิดไทยเพื่อความยั่งยืน,กองทุนรวมแบบผสมเชิงรุก (Aggressive),Aggressive Allocation,4,11.2531,2026-10-02,18.38331,16.28363,,,,2.14,1.61,5.35,1.8,3.21,0.0,3.21,0.0,https://secdocumentstorage.blob.core.windows.net/fundfactsheet/M0846_2566.pdf
ThaiESG,BBLAM,B-MIXED-THAIESG,กองทุนรวมบัวหลวงผสมไทยเพื่อความยั่งยืน,กองทุนรวมแบบผสมสมดุล (Moderate),Moderate Allocation,3,10.7838,2026-10-02,8.43439,7.05436,,,,1.07,1.07,2.41,1.23,1.0,0.0,0.0,0.0,https://secdocumentstorage.blob.core.windows.net/fundfactsheet/M0694_2567.pdf
ThaiESG,KASSET,K-BL30-ThaiESG,กองทุนเปิดเค บาลานซ์ 30 ESG ชนิดไทยเพื่อความยั่งยืน,กองทุนรวมแบบผสมเสี่ยงต่ำ (Conservative),Conservative Allocation,2,11.2976,2026-10-02,7.2978,5.25453,,,,1.07,0.8,2.35,0.86,1.0,0.0,1.0,0.0,https://secdocumentstorage.blob.core.windows.net/fundfactsheet/M0776_2567.pdf
ThaiESG,EASTSPRING,ES-ESG3070-ThaiESG-D,กองทุนเปิดอีสท์สปริง ESG Mixed 30/70 ชนิดไทยเพื่อความยั่งยืนจ่ายเงินปันผล,กองทุนรวมแบบผสมเสี่ยงต่ำ (Conservative),Conservative Allocation,2,10.7719,2026-10-02,4.28865,2.11785,,,,1.6,0.36,2.4,0.58,1.0,0.0,1.0,0.0,https://secdocumentstorage.blob.core.windows.net/fundfactsheet/M0730_2567.pdf
ThaiESG,EASTSPRING,ES-ESG3070-ThaiESG-A,กองทุนเปิดอีสท์สปริง ESG Mixed 30/70 ชนิดไทยเพื่อความยั่งยืนสะสมมูลค่า,กองทุนรวมแบบผสมเสี่ยงต่ำ (Conservative),Conservative Allocation,2,10.8693,2026-10-02,4.28688,2.08599,,,,1.6,0.36,2.4,0.58,1.0,0.0,1.0,0.0,https://secdocumentstorage.blob.core.windows.net/fundfactsheet/M0730_2567.pdf
ThaiESG,LHFUND,LHSITHAIESG,กองทุนเปิด แอล เอช ตราสารภาครัฐ ESG ไทยเพื่อความยั่งยืน,ตราสารหนี้ระยะยาว,Long Term General Bond,3,10.2054,2026-10-02,-4.19264,-6.25982,,,,2.14,0.214,4.19,0.589,2.0,0.0,2.0,0.0,https://secdocumentstorage.blob.core.windows.net/fundfactsheet/M0801_2567.pdf
ThaiESG,KKPAM,KKP GB THAI ESG,กองทุนเปิดเคเคพี พันธบัตรรัฐบาลไทยเพื่อความยั่งยืน,ตราสารหนี้ระยะยาว,Long Term General Bond,3,10.9634,2026-10-02,-4.54158,-6.48515,,,,1.61,0.19,3.72,0.25,1.0,0.0,1.0,0.0,https://secdocumentstorage.blob.core.windows.net/fundfactsheet/M0840_2566.pdf
ThaiESG,MFC,MSOV-ThaiESG,กองทุนเปิดเอ็มเอฟซีตราสารภาครัฐไทยเพื่อความยั่งยืน,ตราสารหนี้ระยะยาว,Long Term General Bond,3,10.2976,2026-10-02,-5.05974,-6.67899,,,,1.6,1.6,2.85,1.93,1.0,0.5,1.0,0.0,https://secdocumentstorage.blob.core.windows.net/fundfactsheet/M0703_2567.pdf
ThaiESG,TISCOAM,TSIThaiESG,กองทุนเปิด ทิสโก้ ตราสารภาครัฐไทยเพื่อความยั่งยืน,ตราสารหนี้ระยะยาว,Long Term General Bond,3,10.3157,2026-10-02,-5.12729,-7.2996,,,,3.0,0.27,5.0,0.5,2.5,0.0,2.5,0.0,https://secdocumentstorage.blob.core.windows.net/fundfactsheet/M0559_2567.pdf
ThaiESG,UOBAM,UTSB-THAIESG,"กองทุนเปิดยูไนเต็ดตราสารหนี้ไทยซัสเทนเนเบิลไทยเพื่อความยั่งยืน,สิทธิประโยชน์ทางภาษี,ไม่จ่ายเงินปันผล",ตราสารหนี้ระยะยาว,Long Term General Bond,3,10.0322,2026-10-02,-5.34053,-7.82363,,,,2.14,0.26,4.79,0.49,1.0,0.0,1.0,0.0,https://secdocumentstorage.blob.core.windows.net/fundfactsheet/M0779_2567.pdf
ThaiESG,SCBAM,SCBTB(ThaiESGE),กองทุนเปิดไทยพาณิชย์ ตราสารหนี้ไทยยั่งยืน ชนิดไทยเพื่อความยั่งยืนผ่านช่องทางอิเล็กทรอนิกส์,ตราสารหนี้ระยะยาว,Long Term General Bond,3,10.4128,2026-10-02,-5.69226,-8.79326,,,,1.07,0.0,2.36,0.09,3.21,0.0,3.21,0.0,https://secdocumentstorage.blob.core.windows.net/fundfactsheet/M0571_2567.pdf
ThaiESG,KASSET,K-ESGSI-ThaiESG,กองทุนเปิดเค ตราสารภาครัฐ ESG,ตราสารหนี้ระยะยาว,Long Term General Bond,3,10.6264,2026-10-02,-5.97521,-9.06103,,,,1.07,0.21,2.35,0.28,1.0,0.0,1.0,0.0,https://secdocumentstorage.blob.core.windows.net/fundfactsheet/M0095_2567.pdf
ThaiESG,SCBAM,SCBTB(ThaiESGA),กองทุนเปิดไทยพาณิชย์ ตราสารหนี้ไทยยั่งยืน ชนิดไทยเพื่อความยั่งยืนแบบสะสมมูลค่า,ตราสารหนี้ระยะยาว,Long Term General Bond,3,10.348,2026-10-02,-5.92043,-9.08612,,,,1.07,0.32,2.36,0.41,3.21,0.0,3.21,0.0,https://secdocumentstorage.blob.core.windows.net/fundfactsheet/M0571_2567.pdf
ThaiESG,BBLAM,B-SI-THAIESG,กองทุนรวมบัวหลวงตราสารภาครัฐไทยเพื่อความยั่งยืน,ตราสารหนี้ระยะยาว,Long Term General Bond,3,10.5589,2026-10-02,-6.4657,-9.20668,,,,0.59,0.21,1.93,0.3,0.0,0.0,0.0,0.0,https://secdocumentstorage.blob.core.windows.net/fundfactsheet/M0092_2567.pdf
ThaiESG,KTAM,KTESGSI-ThaiESG,กองทุนเปิดกรุงไทย ตราสารภาครัฐ ESG ชนิดไทยเพื่อความยั่งยืน,ตราสารหนี้ระยะยาว,Long Term General Bond,3,9.965,2026-10-02,-6.12429,-9.27209,,,,2.14,0.21,5.35,0.3,3.21,0.0,3.21,0.0,https://secdocumentstorage.blob.core.windows.net/fundfactsheet/M0691_2567.pdf
ThaiESG,KSAM,KFGBTHAIESG-A,กองทุนเปิดกรุงศรีพันธบัตรรัฐบาลไทยเพื่อความยั่งยืน หน่วยลงทุนชนิดไทยเพื่อความยั่งยืนสะสมมูลค่า,ตราสารหนี้ระยะยาว,Long Term General Bond,3,10.5482,2026-10-02,-6.67952,-9.51964,,,,2.14,0.27,4.65,0.4,2.0,0.0,2.0,0.0,https://secdocumentstorage.blob.core.windows.net/fundfactsheet/M0522_2567.pdf
ThaiESG,KASSET,K-ESGBF-ThaiESG,กองทุนเปิดเค ตราสารหนี้ ESG,ตราสารหนี้ระยะยาว,Long Term General Bond,3,9.9278,2026-10-02,-0.9429,,,,,1.07,0.32,2.35,0.38,1.0,0.0,1.0,0.0,https://secdocumentstorage.blob.core.windows.net/fundfactsheet/M0838_2568.pdf
ThaiESGX,MFC,HIDIV-ESGXLTF,กองทุนเปิดเอ็มเอฟซี ไฮ-ดิวิเดนด์ ไทยเพื่อความยั่งยืนแบบพิเศษ ชนิดเงินลงทุนเดิม,หุ้นไทยทั่วไป,Equity General,4,13.7586,2026-10-02,30.01637,37.8694,,,,2.14,1.6,4.89,1.75,2.0,0.0,2.0,0.5,https://secdocumentstorage.blob.core.windows.net/fundfactsheet/M0449_2568.pdf
ThaiESGX,MFC,HIDIV-ESGX68,กองทุนเปิดเอ็มเอฟซี ไฮ-ดิวิเดนด์ ไทยเพื่อความยั่งยืนแบบพิเศษ ชนิดเงินลงทุนใหม่เฉพาะปี 2568,หุ้นไทยทั่วไป,Equity General,4,13.7874,2026-10-02,29.99824,37.85154,,,,2.14,1.6,4.89,1.75,2.0,0.0,2.0,0.5,https://secdocumentstorage.blob.core.windows.net/fundfactsheet/M0449_2568.pdf
ThaiESGX,KTAM,KTEQDIVX-L,กองทุนเปิดกรุงไทย หุ้นปันผล ไทยเพื่อความยั่งยืนแบบพิเศษ ชนิดเงินลงทุนเดิมแบบปันผล,หุ้นไทยทั่วไป,Equity General,4,13.601,2026-10-02,30.36212,36.70734,,,,2.14,1.07,5.35,1.29,3.21,0.0,3.21,0.0,https://secdocumentstorage.blob.core.windows.net/fundfactsheet/M0472_2568.pdf
ThaiESGX,KTAM,KTEQDIVX-D,กองทุนเปิดกรุงไทย หุ้นปันผล ไทยเพื่อความยั่งยืนแบบพิเศษ ชนิดเงินลงทุนใหม่แบบปันผล,หุ้นไทยทั่วไป,Equity General,4,13.5908,2026-10-02,30.36107,36.70637,,,,2.14,1.07,5.35,1.29,3.21,0.0,3.21,0.0,https://secdocumentstorage.blob.core.windows.net/fundfactsheet/M0472_2568.pdf
ThaiESGX,KASSET,K-HDThaiESGX-L,กองทุนเปิดเค หุ้นปันผล ไทยเพื่อความยั่งยืนแบบพิเศษ ชนิดเงินลงทุนเดิม,หุ้นไทยทั่วไป,Equity General,4,13.4721,2026-10-02,29.49369,35.26708,,,,3.21,1.87,4.49,1.96,1.0,0.0,1.0,0.0,https://secdocumentstorage.blob.core.windows.net/fundfactsheet/M0429_2568.pdf
ThaiESGX,KASSET,K-HDThaiESGX-68,กองทุนเปิดเค หุ้นปันผล ไทยเพื่อความยั่งยืนแบบพิเศษ ชนิดเงินลงทุนปี 68,หุ้นไทยทั่วไป,Equity General,4,13.4707,2026-10-02,29.48654,35.25335,,,,3.21,1.87,4.49,1.96,1.0,0.0,1.0,0.0,https://secdocumentstorage.blob.core.windows.net/fundfactsheet/M0429_2568.pdf
ThaiESGX,MFC,MIF-ESGXLTF,กองทุนเปิดเอ็มเอฟซี FTSE ชะรีอะฮ์ อินเวสเมนท์ ไทยเพื่อความยั่งยืนแบบพิเศษ ชนิดเงินลงทุนเดิม,หุ้นไทยทั่วไป,Equity General,4,14.2286,2026-10-02,35.21527,34.75555,,,,2.14,1.6,4.89,2.02,2.0,0.0,2.0,0.5,https://secdocumentstorage.blob.core.windows.net/fundfactsheet/M0444_2568.pdf
ThaiESGX,MFC,MIF-ESGX68,กองทุนเปิดเอ็มเอฟซี FTSE ชะรีอะฮ์ อินเวสเมนท์ไทยเพื่อความยั่งยืนแบบพิเศษชนิดเงินลงทุนใหม่เฉพาะปี2568,หุ้นไทยทั่วไป,Equity General,4,14.214,2026-10-02,35.18494,34.72655,,,,2.14,1.6,4.89,2.02,2.0,0.0,2.0,0.5,https://secdocumentstorage.blob.core.windows.net/fundfactsheet/M0444_2568.pdf
ThaiESGX,EASTSPRING,ES-DIVTHAIESGX-LD,กองทุนเปิดอีสท์สปริง หุ้นปันผล ไทยเพื่อความยั่งยืนแบบพิเศษ ชนิดเงินลงทุนเดิมแบบจ่ายเงินปันผล,หุ้นไทยขนาดใหญ่,Equity Large Cap,4,13.0541,2026-10-02,27.63568,34.45159,,,,1.6,1.6,2.4,1.76,1.0,0.0,1.0,0.0,https://secdocumentstorage.blob.core.windows.net/fundfactsheet/M0419_2568.pdf
ThaiESGX,EASTSPRING,ES-DIVTHAIESGX-68A,กองทุนเปิดอีสท์สปริง หุ้นปันผล ไทยเพื่อความยั่งยืนแบบพิเศษ ชนิดเงินลงทุนใหม่ปี 2568 แบบสะสมมูลค่า,หุ้นไทยขนาดใหญ่,Equity Large Cap,4,13.7043,2026-10-02,27.6374,34.45079,,,,1.6,1.6,2.4,1.76,1.0,0.0,1.0,0.0,https://secdocumentstorage.blob.core.windows.net/fundfactsheet/M0419_2568.pdf
ThaiESGX,EASTSPRING,ES-DIVTHAIESGX-68D,กองทุนเปิดอีสท์สปริง หุ้นปันผล ไทยเพื่อความยั่งยืนแบบพิเศษชนิดเงินลงทุนใหม่ปี 2568 แบบจ่ายเงินปันผล,หุ้นไทยขนาดใหญ่,Equity Large Cap,4,12.8439,2026-10-02,27.63704,34.44971,,,,1.6,1.6,2.4,1.76,1.0,0.0,1.0,0.0,https://secdocumentstorage.blob.core.windows.net/fundfactsheet/M0419_2568.pdf
ThaiESGX,EASTSPRING,ES-DIVTHAIESGX-LA,กองทุนเปิดอีสท์สปริง หุ้นปันผล ไทยเพื่อความยั่งยืนแบบพิเศษ ชนิดเงินลงทุนเดิมแบบสะสมมูลค่า,หุ้นไทยขนาดใหญ่,Equity Large Cap,4,13.9141,2026-10-02,27.6359,34.44874,,,,1.6,1.6,2.4,1.76,1.0,0.0,1.0,0.0,https://secdocumentstorage.blob.core.windows.net/fundfactsheet/M0419_2568.pdf
ThaiESGX,PRINCIPAL,PRINCIPAL SEQTESGX-O,กองทุนเปิดพรินซิเพิล ซีเล็คต์ หุ้นปันผลไทยเพื่อความยั่งยืนแบบพิเศษ ชนิดเงินลงทุนเดิม,หุ้นไทยทั่วไป,Equity General,4,13.648,2026-10-02,30.33223,33.13174,,,,2.14,1.79,6.22,2.124,2.14,0.0,1.07,0.0,https://secdocumentstorage.blob.core.windows.net/fundfactsheet/M0459_2568.pdf
ThaiESGX,PRINCIPAL,PRINCIPAL SEQTESGX-N,กองทุนเปิดพรินซิเพิล ซีเล็คต์ หุ้นปันผลไทยเพื่อความยั่งยืนแบบพิเศษ ชนิดเงินลงทุนใหม่,หุ้นไทยทั่วไป,Equity General,4,13.6477,2026-10-02,30.33061,33.13011,,,,2.14,1.831,6.22,2.173,2.14,0.0,1.07,0.0,https://secdocumentstorage.blob.core.windows.net/fundfactsheet/M0459_2568.pdf
ThaiESGX,SCBAM,SCBTS100X(LTFD),กองทุนเปิดไทยพาณิชย์ ดัชนี SET100FF ไทยเพื่อความยั่งยืนแบบพิเศษชนิดจ่ายเงินปันผล 2025,หุ้นไทยทั่วไป,Equity General,4,13.2427,2026-10-02,30.8537,31.24521,,,,2.14,0.5,4.5,0.66,3.21,0.0,3.21,0.0,https://secdocumentstorage.blob.core.windows.net/fundfactsheet/M0450_2568.pdf
ThaiESGX,SCBAM,SCBTS100X(25D),กองทุนเปิดไทยพาณิชย์ ดัชนี SET100FF ไทยเพื่อความยั่งยืนแบบพิเศษ ชนิดจ่ายเงินปันผล 2025,หุ้นไทยทั่วไป,Equity General,4,13.2414,2026-10-02,30.84106,31.2313,,,,2.14,0.5,4.5,0.66,3.21,0.0,3.21,0.0,https://secdocumentstorage.blob.core.windows.net/fundfactsheet/M0450_2568.pdf
ThaiESGX,SCBAM,SCBTS100X(LTFA),กองทุนเปิดไทยพาณิชย์ ดัชนี SET100FF ไทยเพื่อความยั่งยืนแบบพิเศษ ชนิดเงินลงทุนเดิมแบบสะสมมูลค่า,หุ้นไทยทั่วไป,Equity General,4,13.9042,2026-10-02,30.83597,31.22741,,,,2.14,0.5,4.5,0.66,3.21,0.0,3.21,0.0,https://secdocumentstorage.blob.core.windows.net/fundfactsheet/M0450_2568.pdf
ThaiESGX,SCBAM,SCBTS100X(25A),กองทุนเปิดไทยพาณิชย์ ดัชนี SET100FF ไทยเพื่อความยั่งยืนแบบพิเศษ ชนิดสะสมมูลค่า 2025,หุ้นไทยทั่วไป,Equity General,4,13.9032,2026-10-02,30.83271,31.22416,,,,2.14,0.5,4.5,0.66,3.21,0.0,3.21,0.0,https://secdocumentstorage.blob.core.windows.net/fundfactsheet/M0450_2568.pdf
ThaiESGX,KSAM,KFS50-THAIESGX-68,กองทุนเปิดกรุงศรี SET50 ไทยเพื่อความยั่งยืนแบบพิเศษ หน่วยลงทุนชนิดเงินลงทุนปี 2568,ดัชนีหุ้น SET 50,SET 50 Index Fund,4,13.6691,2026-10-02,28.89662,30.14596,,,,2.14,0.54,4.65,0.79,2.0,0.0,2.0,0.0,https://secdocumentstorage.blob.core.windows.net/fundfactsheet/M0457_2568.pdf
ThaiESGX,KSAM,KFS50-THAIESGX-L,กองทุนเปิดกรุงศรี SET50 ไทยเพื่อความยั่งยืนแบบพิเศษ หน่วยลงทุนชนิดเงินลงทุนเดิม,ดัชนีหุ้น SET 50,SET 50 Index Fund,4,13.6692,2026-10-02,28.89756,30.14567,,,,2.14,0.54,4.65,0.79,2.0,0.0,2.0,0.0,https://secdocumentstorage.blob.core.windows.net/fundfactsheet/M0457_2568.pdf
ThaiESGX,KTAM,KTEQPLUSX-L,กองทุนเปิดกรุงไทย อิควิตี้ พลัส ไทยเพื่อความยั่งยืนแบบพิเศษ ชนิดเงินลงทุนเดิมแบบปันผล,หุ้นไทยทั่วไป,Equity General,4,13.0369,2026-10-02,31.38971,30.09133,,,,2.14,1.88,5.35,2.11,3.21,0.0,3.21,0.0,https://secdocumentstorage.blob.core.windows.net/fundfactsheet/M0463_2568.pdf
ThaiESGX,KTAM,KTEQPLUSX-D,กองทุนเปิดกรุงไทย อิควิตี้ พลัส ไทยเพื่อความยั่งยืนแบบพิเศษ ชนิดเงินลงทุนใหม่แบบปันผล,หุ้นไทยทั่วไป,Equity General,4,13.0117,2026-10-02,31.38282,30.08072,,,,2.14,1.88,5.35,2.11,3.21,0.0,3.21,0.0,https://secdocumentstorage.blob.core.windows.net/fundfactsheet/M0463_2568.pdf
ThaiESGX,BBLAM,BCAPSETTHAIESGX,กองทุนเปิดบีแคป เซ็ท ไทยเพื่อความยั่งยืนแบบพิเศษ,หุ้นไทยทั่วไป,Equity General,4,13.5538,2026-10-02,29.68034,29.21795,,,,0.8,0.64,2.14,1.02,1.07,0.0,1.0,1.0,https://secdocumentstorage.blob.core.windows.net/fundfactsheet/M0415_2568.pdf
ThaiESGX,FPAM,FP ThaiESGX-SW,,หุ้นไทยขนาดใหญ่,Equity Large Cap,4,13.0052,2026-10-02,28.46799,28.5048,,,,2.14,1.6,3.96,1.7,2.0,0.0,2.0,0.0,https://secdocumentstorage.blob.core.windows.net/fundfactsheet/M0416_2568.pdf
ThaiESGX,FPAM,FP ThaiESGX-N,กองทุนเปิด เฟิร์ส พลัส ไทยเพื่อความยั่งยืนแบบพิเศษ ชนิดเงินลงทุนใหม่,หุ้นไทยขนาดใหญ่,Equity Large Cap,4,12.9412,2026-10-02,28.32763,28.32,,,,2.14,1.6,3.96,1.7,2.0,0.0,2.0,0.0,https://secdocumentstorage.blob.core.windows.net/fundfactsheet/M0416_2568.pdf
ThaiESGX,SCBAM,SCBTAPX(LTFD),กองทุนเปิดไทยพาณิชย์ หุ้นแอคทีฟ พลัส ไทยเพื่อความยั่งยืนแบบพิเศษ ชนิดเงินลงทุนเดิมแบบปันผล,หุ้นไทยทั่วไป,Equity General,4,12.855,2026-10-02,28.93791,28.23145,,,,2.14,1.87,4.5,1.97,3.21,0.0,3.21,0.0,https://secdocumentstorage.blob.core.windows.net/fundfactsheet/M0445_2568.pdf
ThaiESGX,SCBAM,SCBTAPX(25D),กองทุนเปิดไทยพาณิชย์ หุ้นแอคทีฟ พลัส ไทยเพื่อความยั่งยืนแบบพิเศษ ชนิดจ่ายเงินปันผล 2025,หุ้นไทยทั่วไป,Equity General,4,12.8541,2026-10-02,28.93027,28.22263,,,,2.14,1.87,4.5,1.97,3.21,0.0,3.21,0.0,https://secdocumentstorage.blob.core.windows.net/fundfactsheet/M0445_2568.pdf
ThaiESGX,SCBAM,SCBTAPX(LTFA),กองทุนเปิดไทยพาณิชย์ หุ้นแอคทีฟ พลัส ไทยเพื่อความยั่งยืนแบบพิเศษ ชนิดเงินลงทุนเดิมแบบสะสมมูลค่า,หุ้นไทยทั่วไป,Equity General,4,13.502,2026-10-02,28.9183,28.21073,,,,2.14,1.87,4.5,1.97,3.21,0.0,3.21,0.0,https://secdocumentstorage.blob.core.windows.net/fundfactsheet/M0445_2568.pdf
ThaiESGX,SCBAM,SCBTAPX(25A),กองทุนเปิดไทยพาณิชย์ หุ้นแอคทีฟ พลัส ไทยเพื่อความยั่งยืนแบบพิเศษ ชนิดสะสมมูลค่า2025,หุ้นไทยทั่วไป,Equity General,4,13.501,2026-10-02,28.91121,28.20245,,,,2.14,1.87,4.5,1.97,3.21,0.0,3.21,0.0,https://secdocumentstorage.blob.core.windows.net/fundfactsheet/M0445_2568.pdf
ThaiESGX,SCBAM,SCBTAX(LTFD),กองทุนเปิดไทยพาณิชย์ หุ้นแอคทีฟ ไทยเพื่อความยั่งยืนแบบพิเศษ ชนิดเงินลงทุนเดิมแบบปันผล,กองทุนรวมแบบผสมเชิงรุก (Aggressive),Aggressive Allocation,4,12.6208,2026-10-02,31.72665,27.98274,,,,2.14,1.87,4.5,1.96,3.21,0.0,3.21,0.0,https://secdocumentstorage.blob.core.windows.net/fundfactsheet/M0452_2568.pdf
ThaiESGX,SCBAM,SCBTAX(25D),กองทุนเปิดไทยพาณิชย์ หุ้นแอคทีฟ ไทยเพื่อความยั่งยืนแบบพิเศษ ชนิดจ่ายเงินปันผล 2025,กองทุนรวมแบบผสมเชิงรุก (Aggressive),Aggressive Allocation,4,12.6208,2026-10-02,31.72665,27.98032,,,,2.14,1.87,4.5,1.96,3.21,0.0,3.21,0.0,https://secdocumentstorage.blob.core.windows.net/fundfactsheet/M0452_2568.pdf
ThaiESGX,SCBAM,SCBTAX(25A),กองทุนเปิดไทยพาณิชย์ หุ้นแอคทีฟ ไทยเพื่อความยั่งยืนแบบพิเศษ ชนิดสะสมมูลค่า2025,กองทุนรวมแบบผสมเชิงรุก (Aggressive),Aggressive Allocation,4,13.527,2026-10-02,31.73169,27.96814,,,,2.14,1.87,4.5,1.96,3.21,0.0,3.21,0.0,https://secdocumentstorage.blob.core.windows.net/fundfactsheet/M0452_2568.pdf
ThaiESGX,SCBAM,SCBTAX(LTFA),กองทุนเปิดไทยพาณิชย์ หุ้นแอคทีฟ ไทยเพื่อความยั่งยืนแบบพิเศษ ชนิดเงินลงทุนเดิมแบบสะสมมูลค่า,กองทุนรวมแบบผสมเชิงรุก (Aggressive),Aggressive Allocation,4,13.5246,2026-10-02,31.70703,27.94422,,,,2.14,1.87,4.5,1.96,3.21,0.0,3.21,0.0,https://secdocumentstorage.blob.core.windows.net/fundfactsheet/M0452_2568.pdf
ThaiESGX,ASP,ASP-DEQ ThaiESGX-LTF,กองทุนเปิด แอสเซทพลัส ปันผล หุ้นไทยเพื่อความยั่งยืนแบบพิเศษ ชนิดเงินลงทุนเดิม,หุ้นไทยทั่วไป,Equity General,4,13.1575,2026-10-02,28.90537,27.21287,,,,1.61,1.61,4.1,2.84,,,,,https://secdocumentstorage.blob.core.windows.net/fundfactsheet/M0437_2568.pdf
ThaiESGX,ASP,ASP-DEQ ThaiESGX-X68,กองทุนเปิด แอสเซทพลัส ปันผล หุ้นไทยเพื่อความยั่งยืนแบบพิเศษ ชนิดเงินลงทุนพิเศษ,หุ้นไทยทั่วไป,Equity General,4,13.1542,2026-10-02,28.8983,27.19695,,,,1.61,1.61,4.1,2.84,,,,,https://secdocumentstorage.blob.core.windows.net/fundfactsheet/M0437_2568.pdf
ThaiESGX,TISCOAM,TThaiESGX-S,กองทุนเปิด ทิสโก้ หุ้นไทยเพื่อความยั่งยืนแบบพิเศษ,หุ้นไทยทั่วไป,Equity General,4,13.6803,2026-10-02,31.52996,25.91512,,,,3.0,1.61,5.0,1.84,2.5,0.0,2.5,0.0,https://secdocumentstorage.blob.core.windows.net/fundfactsheet/M0439_2568.pdf
ThaiESGX,TISCOAM,TThaiESGX-L,กองทุนเปิด ทิสโก้ หุ้นไทยเพื่อความยั่งยืนแบบพิเศษ ชนิดเงินลงทุนเดิม,หุ้นไทยทั่วไป,Equity General,4,13.6804,2026-10-02,31.52966,25.91488,,,,3.0,1.61,5.0,1.84,2.5,0.0,2.5,0.0,https://secdocumentstorage.blob.core.windows.net/fundfactsheet/M0439_2568.pdf
ThaiESGX,ASP,ASP-MIX ThaiESGX-LTF,กองทุนเปิด แอสเซทพลัส ผสมไทยเพื่อความยั่งยืนแบบพิเศษ ชนิดเงินลงทุนเดิม,กองทุนรวมแบบผสมเชิงรุก (Aggressive),Aggressive Allocation,4,12.9369,2026-10-02,27.96775,25.70104,,,,1.61,1.61,4.1,2.71,,,,,https://secdocumentstorage.blob.core.windows.net/fundfactsheet/M0442_2568.pdf
ThaiESGX,ASP,ASP-MIX ThaiESGX-X68,กองทุนเปิด แอสเซทพลัส ผสมไทยเพื่อความยั่งยืนแบบพิเศษ ชนิดเงินลงทุนพิเศษ,กองทุนรวมแบบผสมเชิงรุก (Aggressive),Aggressive Allocation,4,12.9351,2026-10-02,27.96261,25.68966,,,,1.61,1.61,4.1,2.71,,,,,https://secdocumentstorage.blob.core.windows.net/fundfactsheet/M0442_2568.pdf
ThaiESGX,MFC,MEQUITY-ESGXLTF,กองทุนเปิดเอ็มเอฟซีตราสารทุนไทยเพื่อความยั่งยืนแบบพิเศษ ชนิดเงินลงทุนเดิม,หุ้นไทยทั่วไป,Equity General,4,12.9706,2026-10-02,27.69412,25.48308,,,,2.14,1.6,4.89,1.9,2.0,0.0,2.0,0.5,https://secdocumentstorage.blob.core.windows.net/fundfactsheet/M0448_2568.pdf
ThaiESGX,MFC,MEQUITY-ESGX68,กองทุนเปิดเอ็มเอฟซีตราสารทุนไทยเพื่อความยั่งยืนแบบพิเศษ ชนิดเงินลงทุนใหม่เฉพาะปี 2568,หุ้นไทยทั่วไป,Equity General,4,13.0443,2026-10-02,27.65551,25.4463,,,,2.14,1.6,4.89,1.9,2.0,0.0,2.0,0.5,https://secdocumentstorage.blob.core.windows.net/fundfactsheet/M0448_2568.pdf
ThaiESGX,UOBAM,UEQ-TESGX-D68,กองทุนเปิด ยูไนเต็ด หุ้นไทยเพื่อความยั่งยืนแบบพิเศษ ชนิดเงินลงทุนใหม่ปี2568และจ่ายเงินปันผล,หุ้นไทยทั่วไป,Equity General,4,12.6617,2026-10-02,28.99962,25.43167,,,,2.68,1.61,5.35,1.84,3.0,0.0,2.0,0.0,https://secdocumentstorage.blob.core.windows.net/fundfactsheet/M0454_2568.pdf
ThaiESGX,UOBAM,UEQ-TESGX-D68L,กองทุนเปิด ยูไนเต็ด หุ้นไทยเพื่อความยั่งยืนแบบพิเศษ ชนิดเงินลงทุนเดิมปี2568และจ่ายเงินปันผล,หุ้นไทยทั่วไป,Equity General,4,12.6617,2026-10-02,28.99962,25.43167,,,,2.68,1.61,5.35,1.84,3.0,0.0,2.0,0.0,https://secdocumentstorage.blob.core.windows.net/fundfactsheet/M0454_2568.pdf
ThaiESGX,UOBAM,UEQ-TESGX-N68,กองทุนเปิด ยูไนเต็ด หุ้นไทยเพื่อความยั่งยืนแบบพิเศษ ชนิดเงินลงทุนใหม่ปี2568และไม่จ่ายเงินปันผล,หุ้นไทยทั่วไป,Equity General,4,12.6617,2026-10-02,28.99962,25.43167,,,,2.68,1.61,5.35,1.84,3.0,0.0,2.0,0.0,https://secdocumentstorage.blob.core.windows.net/fundfactsheet/M0454_2568.pdf
ThaiESGX,UOBAM,UEQ-TESGX-N68L,กองทุนเปิด ยูไนเต็ด หุ้นไทยเพื่อความยั่งยืนแบบพิเศษ ชนิดเงินลงทุนเดิมปี2568และไม่จ่ายเงินปันผล,หุ้นไทยทั่วไป,Equity General,4,12.6617,2026-10-02,28.99962,25.43167,,,,2.68,1.61,5.35,1.84,3.0,0.0,2.0,0.0,https://secdocumentstorage.blob.core.windows.net/fundfactsheet/M0454_2568.pdf
ThaiESGX,ONEAM,ONE-THAIESGX-L,กองทุนเปิด วรรณ หุ้นไทยเพื่อความยั่งยืนแบบพิเศษ ชนิดเงินลงทุนเดิม,หุ้นไทยทั่วไป,Equity General,4,12.8012,2026-10-02,26.02211,25.34958,,,,2.5,1.6,5.1,2.7,2.14,0.0,2.14,0.0,https://secdocumentstorage.blob.core.windows.net/fundfactsheet/M0392_2568.pdf
ThaiESGX,ONEAM,ONE-THAIESGX-X,กองทุนเปิด วรรณ หุ้นไทยเพื่อความยั่งยืนแบบพิเศษ ชนิดเงินลงทุนใหม่ในปี2568,หุ้นไทยทั่วไป,Equity General,4,12.8008,2026-10-02,26.02189,25.34934,,,,2.5,1.6,5.1,2.7,2.14,0.0,2.14,0.0,https://secdocumentstorage.blob.core.windows.net/fundfactsheet/M0392_2568.pdf
ThaiESGX,BBLAM,BEQD-TESGX,กองทุนรวมบัวหลวงหุ้นไทยเพื่อความยั่งยืนแบบพิเศษ,หุ้นไทยทั่วไป,Equity General,4,12.5563,2026-10-02,24.40338,24.84228,,,,1.61,1.61,2.94,1.71,1.0,0.0,0.0,0.0,https://secdocumentstorage.blob.core.windows.net/fundfactsheet/M0434_2568.pdf
ThaiESGX,KSAM,KFAEQ-THAIESGX-68,กองทุนเปิดกรุงศรีหุ้นแอคทีฟไทยเพื่อความยั่งยืนแบบพิเศษ หน่วยลงทุนชนิดเงินลงทุนปี 2568,หุ้นไทยทั่วไป,Equity General,4,12.3525,2026-10-02,25.02801,23.49093,,,,2.14,1.87,4.65,2.06,2.0,0.0,2.0,0.0,https://secdocumentstorage.blob.core.windows.net/fundfactsheet/M0456_2568.pdf
ThaiESGX,KSAM,KFAEQ-THAIESGX-L,กองทุนเปิดกรุงศรีหุ้นแอคทีฟไทยเพื่อความยั่งยืนแบบพิเศษ (หน่วยลงทุนชนิดเงินลงทุนเดิม),หุ้นไทยทั่วไป,Equity General,4,12.3525,2026-10-02,25.02801,23.48974,,,,2.14,1.87,4.65,2.06,2.0,0.0,2.0,0.0,https://secdocumentstorage.blob.core.windows.net/fundfactsheet/M0456_2568.pdf
ThaiESGX,KASSET,K-70ThaiESGX-L,กองทุนเปิดเค 70:30 ไทยเพื่อความยั่งยืนแบบพิเศษ ชนิดเงินลงทุนเดิม,กองทุนรวมแบบผสมเชิงรุก (Aggressive),Aggressive Allocation,4,12.2634,2026-10-02,20.0223,23.35475,,,,3.21,1.6,4.49,1.68,1.0,0.0,1.0,0.0,https://secdocumentstorage.blob.core.windows.net/fundfactsheet/M0455_2568.pdf
ThaiESGX,KASSET,K-70ThaiESGX-68,กองทุนเปิดเค 70:30 ไทยเพื่อความยั่งยืนแบบพิเศษ ชนิดเงินลงทุนปี 68,กองทุนรวมแบบผสมเชิงรุก (Aggressive),Aggressive Allocation,4,12.2627,2026-10-02,20.01785,23.34903,,,,3.21,1.6,4.49,1.68,1.0,0.0,1.0,0.0,https://secdocumentstorage.blob.core.windows.net/fundfactsheet/M0455_2568.pdf
ThaiESGX,LHFUND,LHTHAIESGX-LT,กองทุนเปิด แอล เอช เฟล็กซิเบิลไทยเพื่อความยั่งยืนแบบพิเศษ ชนิดเงินลงทุนเดิม,กองทุนรวมแบบผสมสมดุล (Moderate),Moderate Allocation,3,12.3748,2026-10-02,20.12036,22.52156,,,,2.0,1.07,4.0,1.579,2.5,0.0,2.5,0.0,https://secdocumentstorage.blob.core.windows.net/fundfactsheet/M0357_2568.pdf
ThaiESGX,LHFUND,LHTHAIESGX-X,กองทุนเปิด แอล เอช เฟล็กซิเบิลไทยเพื่อความยั่งยืนแบบพิเศษ ชนิดเงินลงทุนใหม่,กองทุนรวมแบบผสมสมดุล (Moderate),Moderate Allocation,3,12.3746,2026-10-02,20.11959,22.51958,,,,2.0,1.07,4.0,1.579,2.5,0.0,2.5,0.0,https://secdocumentstorage.blob.core.windows.net/fundfactsheet/M0357_2568.pdf
ThaiESGX,EASTSPRING,ES-DIV70THAIESGX-68A,กองทุนเปิดอีสท์สปริง หุ้นปันผล 70 ไทยเพื่อความยั่งยืนแบบพิเศษชนิดเงินลงทุนใหม่ปี 2568 แบบสะสมมูลค่า,หุ้นไทยขนาดใหญ่,Equity Large Cap,4,12.3062,2026-10-02,16.3883,19.89205,,,,1.6,1.33,2.4,1.48,1.0,0.0,1.0,0.0,https://secdocumentstorage.blob.core.windows.net/fundfactsheet/M0413_2568.pdf
ThaiESGX,EASTSPRING,ES-DIV70THAIESGX-68D,กองทุนเปิดอีสท์สปริงหุ้นปันผล70ไทยเพื่อความยั่งยืนแบบพิเศษ ชนิดเงินลงทุนใหม่ปี 2568 แบบจ่ายเงินปันผล,หุ้นไทยขนาดใหญ่,Equity Large Cap,4,11.8442,2026-10-02,16.38655,19.89093,,,,1.6,1.33,2.4,1.48,1.0,0.0,1.0,0.0,https://secdocumentstorage.blob.core.windows.net/fundfactsheet/M0413_2568.pdf
ThaiESGX,EASTSPRING,ES-DIV70THAIESGX-LD,กองทุนเปิดอีสท์สปริง หุ้นปันผล 70 ไทยเพื่อความยั่งยืนแบบพิเศษ ชนิดเงินลงทุนเดิมแบบจ่ายเงินปันผล,หุ้นไทยขนาดใหญ่,Equity Large Cap,4,11.9643,2026-10-02,16.38643,19.8906,,,,1.6,1.33,2.4,1.48,1.0,0.0,1.0,0.0,https://secdocumentstorage.blob.core.windows.net/fundfactsheet/M0413_2568.pdf
ThaiESGX,EASTSPRING,ES-DIV70THAIESGX-LA,กองทุนเปิดอีสท์สปริง หุ้นปันผล 70 ไทยเพื่อความยั่งยืนแบบพิเศษ ชนิดเงินลงทุนเดิมแบบสะสมมูลค่า,หุ้นไทยขนาดใหญ่,Equity Large Cap,4,12.426,2026-10-02,16.38646,19.88885,,,,1.6,1.33,2.4,1.48,1.0,0.0,1.0,0.0,https://secdocumentstorage.blob.core.windows.net/fundfactsheet/M0413_2568.pdf
ThaiESGX,TALISAM,MEGATX8020U-N,กองทุนเปิด MEGA 20 ไทยเพื่อความยั่งยืนแบบพิเศษ 80-20 U ชนิดเงินลงทุนใหม่ในปี2568,หุ้นไทยทั่วไป,Equity General,4,12.2337,2026-10-01,21.0191,19.1277,,,,1.61,1.61,2.94,1.79,1.0,0.0,1.0,0.0,https://secdocumentstorage.blob.core.windows.net/fundfactsheet/M0408_2568.pdf
ThaiESGX,TALISAM,MEGATX8020U-L,กองทุนเปิด MEGA 20 ไทยเพื่อความยั่งยืนแบบพิเศษ 80-20 U ชนิดเงินลงทุนเดิม,หุ้นไทยทั่วไป,Equity General,4,12.2337,2026-10-01,21.0191,19.1277,,,,1.61,1.61,2.94,1.79,1.0,0.0,1.0,0.0,https://secdocumentstorage.blob.core.windows.net/fundfactsheet/M0408_2568.pdf
ThaiESGX,KTAM,KTEQ70PLUSX-L,กองทุนเปิดกรุงไทย อิควิตี้ พลัส 70/30 ไทยเพื่อความยั่งยืนแบบพิเศษ ชนิดเงินลงทุนเดิมแบบปันผล,กองทุนรวมแบบผสมเชิงรุก (Aggressive),Aggressive Allocation,4,11.9242,2026-10-02,20.45207,18.62358,,,,2.14,1.61,5.35,1.81,3.21,0.0,3.21,0.0,https://secdocumentstorage.blob.core.windows.net/fundfactsheet/M0467_2568.pdf
ThaiESGX,KTAM,KTEQ70PLUSX-D,กองทุนเปิดกรุงไทย อิควิตี้ พลัส 70/30 ไทยเพื่อความยั่งยืนแบบพิเศษ ชนิดเงินลงทุนใหม่แบบปันผล,กองทุนรวมแบบผสมเชิงรุก (Aggressive),Aggressive Allocation,4,11.9089,2026-10-02,20.44577,18.61619,,,,2.14,1.61,5.35,1.81,3.21,0.0,3.21,0.0,https://secdocumentstorage.blob.core.windows.net/fundfactsheet/M0467_2568.pdf
ThaiESGX,BBLAM,BMDIV-TESGX,กองทุนรวมบัวหลวงผสมปันผลไทยเพื่อความยั่งยืนแบบพิเศษ,กองทุนรวมแบบผสมเชิงรุก (Aggressive),Aggressive Allocation,4,11.7335,2026-10-02,17.14415,17.05462,,,,1.61,0.8,2.94,0.9,1.0,0.0,0.0,0.0,https://secdocumentstorage.blob.core.windows.net/fundfactsheet/M0436_2568.pdf
ThaiESGX,BBLAM,BM70-TESGX,กองทุนรวมบัวหลวงผสม 70/30 ไทยเพื่อความยั่งยืนแบบพิเศษ,กองทุนรวมแบบผสมเชิงรุก (Aggressive),Aggressive Allocation,4,12.0923,2026-10-02,17.03736,16.82592,,,,1.61,1.07,2.94,1.16,1.0,0.0,0.0,0.0,https://secdocumentstorage.blob.core.windows.net/fundfactsheet/M0435_2568.pdf
ThaiESGX,abrdn,ABALL-TESGX2,กองทุนเปิด อเบอร์ดีน ออล ซีซันส์ ไทยเพื่อความยั่งยืนแบบพิเศษหน่วยลงทุนชนิดเงินลงทุนเดิม 2568,กองทุนรวมแบบผสมเชิงรุก (Aggressive),Aggressive Allocation,4,12.0204,2026-10-02,20.75343,16.10323,,,,1.61,1.61,2.68,1.12,0.0,0.0,2.0,1.0,https://secdocumentstorage.blob.core.windows.net/fundfactsheet/M0462_2568.pdf
ThaiESGX,abrdn,ABALL-TESGX1,กองทุนเปิด อเบอร์ดีน ออล ซีซันส์ ไทยเพื่อความยั่งยืนแบบพิเศษ หน่วยลงทุนชนิดเงินลงทุนใหม่ 2568,กองทุนรวมแบบผสมเชิงรุก (Aggressive),Aggressive Allocation,4,12.0195,2026-10-02,20.75167,16.10127,,,,1.61,1.61,2.68,1.16,0.0,0.0,2.0,1.0,https://secdocumentstorage.blob.core.windows.net/fundfactsheet/M0462_2568.pdf
ThaiESGX,MFC,MIX-ESGXLTF,กองทุนเปิดเอ็มเอฟซีผสมไทยเพื่อความยั่งยืนแบบพิเศษ ชนิดเงินลงทุนเดิม,กองทุนรวมแบบผสมเชิงรุก (Aggressive),Aggressive Allocation,4,11.7547,2026-10-02,16.5742,15.92585,,,,2.14,1.6,4.89,1.74,2.0,0.0,2.0,0.5,https://secdocumentstorage.blob.core.windows.net/fundfactsheet/M0447_2568.pdf
ThaiESGX,MFC,MIX-ESGX68,กองทุนเปิดเอ็มเอฟซีผสมไทยเพื่อความยั่งยืนแบบพิเศษ ชนิดเงินลงทุนใหม่เฉพาะปี 2568,กองทุนรวมแบบผสมเชิงรุก (Aggressive),Aggressive Allocation,4,11.7917,2026-10-02,16.56565,15.91845,,,,2.14,1.6,4.89,1.74,2.0,0.0,2.0,0.5,https://secdocumentstorage.blob.core.windows.net/fundfactsheet/M0447_2568.pdf
ThaiESGX,KSAM,KF70-THAIESGX-68,กองทุนเปิดกรุงศรี 70/30 ไทยเพื่อความยั่งยืนแบบพิเศษ หน่วยลงทุนชนิดเงินลงทุนปี 2568,กองทุนรวมแบบผสมเชิงรุก (Aggressive),Aggressive Allocation,4,11.6979,2026-10-02,18.01746,15.36019,,,,2.14,1.6,4.65,1.8,2.0,0.0,2.0,0.0,https://secdocumentstorage.blob.core.windows.net/fundfactsheet/M0451_2568.pdf
ThaiESGX,KSAM,KF70-THAIESGX-L,กองทุนเปิดกรุงศรี 70/30 ไทยเพื่อความยั่งยืนแบบพิเศษ หน่วยลงทุนชนิดเงินลงทุนเดิม,กองทุนรวมแบบผสมเชิงรุก (Aggressive),Aggressive Allocation,4,11.698,2026-10-02,18.01729,15.36005,,,,2.14,1.6,4.65,1.8,2.0,0.0,2.0,0.0,https://secdocumentstorage.blob.core.windows.net/fundfactsheet/M0451_2568.pdf
ThaiESGX,SCBAM,SCBT70X(LTFD),กองทุนเปิดไทยพาณิชย์ ผสม 70 ไทยเพื่อความยั่งยืนแบบพิเศษ ชนิดเงินลงทุนเดิมแบบปันผล,กองทุนรวมแบบผสมเชิงรุก (Aggressive),Aggressive Allocation,4,11.4919,2026-10-02,17.20335,15.21768,,,,2.14,1.61,4.5,1.69,3.21,0.0,3.21,0.0,https://secdocumentstorage.blob.core.windows.net/fundfactsheet/M0443_2568.pdf
ThaiESGX,SCBAM,SCBT70X(25D),กองทุนเปิดไทยพาณิชย์ ผสม 70 ไทยเพื่อความยั่งยืนแบบพิเศษ ชนิดจ่ายเงินปันผล 2025,กองทุนรวมแบบผสมเชิงรุก (Aggressive),Aggressive Allocation,4,11.4914,2026-10-02,17.20301,15.21506,,,,2.14,1.61,4.5,1.69,3.21,0.0,3.21,0.0,https://secdocumentstorage.blob.core.windows.net/fundfactsheet/M0443_2568.pdf
ThaiESGX,SCBAM,SCBT70X(25A),กองทุนเปิดไทยพาณิชย์ ผสม 70 ไทยเพื่อความยั่งยืนแบบพิเศษ ชนิดสะสมมูลค่า2025,กองทุนรวมแบบผสมเชิงรุก (Aggressive),Aggressive Allocation,4,12.0815,2026-10-02,17.19599,15.20014,,,,2.14,1.61,4.5,1.69,3.21,0.0,3.21,0.0,https://secdocumentstorage.blob.core.windows.net/fundfactsheet/M0443_2568.pdf
ThaiESGX,SCBAM,SCBT70X(LTFA),กองทุนเปิดไทยพาณิชย์ ผสม 70 ไทยเพื่อความยั่งยืนแบบพิเศษ ชนิดเงินลงทุนเดิมแบบสะสมมูลค่า,กองทุนรวมแบบผสมเชิงรุก (Aggressive),Aggressive Allocation,4,12.0815,2026-10-02,17.19599,15.20014,,,,2.14,1.61,4.5,1.69,3.21,0.0,3.21,0.0,https://secdocumentstorage.blob.core.windows.net/fundfactsheet/M0443_2568.pdf
ThaiESGX,KKPAM,KKP BL THAI ESGX-for LTF,กองทุนเปิดเคเคพี บาลานซ์ไทยเพื่อความยั่งยืนแบบพิเศษ หน่วยลงทุนชนิดเงินลงทุนเดิม (โอนย้ายจาก LTF),กองทุนรวมแบบผสมเชิงรุก (Aggressive),Aggressive Allocation,4,12.3553,2026-10-02,13.41172,15.19234,,,,2.68,1.07,4.82,1.2,2.0,0.0,2.0,0.0,https://secdocumentstorage.blob.core.windows.net/fundfactsheet/M0466_2568.pdf
ThaiESGX,KKPAM,KKP BL THAI ESGX-2568,กองทุนเปิดเคเคพี บาลานซ์ไทยเพื่อความยั่งยืนแบบพิเศษหน่วยลงทุนชนิดเงินลงทุนใหม่ (ปี 2568),กองทุนรวมแบบผสมเชิงรุก (Aggressive),Aggressive Allocation,4,12.3552,2026-10-02,13.41081,15.19141,,,,2.68,1.07,4.82,1.2,2.0,0.0,2.0,0.0,https://secdocumentstorage.blob.core.windows.net/fundfactsheet/M0466_2568.pdf
ThaiESGX,TISCOAM,TThai70ESGX-S,กองทุนเปิด ทิสโก้ หุ้น 70 ไทยเพื่อความยั่งยืนแบบพิเศษ ชนิดเงินลงทุนพิเศษ,กองทุนรวมแบบผสมเชิงรุก (Aggressive),Aggressive Allocation,4,12.3997,2026-10-02,19.42425,15.06454,,,,3.0,1.28,5.0,1.54,2.5,0.0,2.5,0.0,https://secdocumentstorage.blob.core.windows.net/fundfactsheet/M0446_2568.pdf
ThaiESGX,TISCOAM,TThai70ESGX-L,กองทุนเปิด ทิสโก้ หุ้น 70 ไทยเพื่อความยั่งยืนแบบพิเศษ ชนิดเงินลงทุนเดิม,กองทุนรวมแบบผสมเชิงรุก (Aggressive),Aggressive Allocation,4,12.3997,2026-10-02,19.4254,15.06454,,,,3.0,1.28,5.0,1.5,2.5,0.0,2.5,0.0,https://secdocumentstorage.blob.core.windows.net/fundfactsheet/M0446_2568.pdf
ThaiESGX,TALISAM,MEGATX8020C-N,กองทุนเปิด MEGA 20 ไทยเพื่อความยั่งยืนแบบพิเศษ 80-20 C ชนิดเงินลงทุนใหม่ในปี2568,หุ้นไทยทั่วไป,Equity General,4,11.5707,2026-10-02,16.78021,12.48542,,,,1.61,1.61,2.94,1.8,1.0,0.0,1.0,0.0,https://secdocumentstorage.blob.core.windows.net/fundfactsheet/M0473_2568.pdf
ThaiESGX,TALISAM,MEGATX8020C-L,กองทุนเปิด MEGA 20 ไทยเพื่อความยั่งยืนแบบพิเศษ 80-20 C ชนิดเงินลงทุนเดิม,หุ้นไทยทั่วไป,Equity General,4,11.5707,2026-10-02,16.78021,12.48542,,,,1.61,1.61,2.94,1.8,1.0,0.0,1.0,0.0,https://secdocumentstorage.blob.core.windows.net/fundfactsheet/M0473_2568.pdf
ThaiESGX,UOBAM,UMIX-TESGX-D68L,กองทุนเปิด ยูไนเต็ด มิกซ์70/30ไทยเพื่อความยั่งยืนแบบพิเศษ ชนิดเงินลงทุนเดิมปี2568และจ่ายเงินปันผล,กองทุนรวมแบบผสมสมดุล (Moderate),Moderate Allocation,3,11.4918,2026-10-02,14.20309,12.42443,,,,2.68,1.61,5.35,1.84,3.0,0.0,2.0,0.0,https://secdocumentstorage.blob.core.windows.net/fundfactsheet/M0461_2568.pdf
ThaiESGX,UOBAM,UMIX-TESGX-N68L,กองทุนเปิด ยูไนเต็ด มิกซ์70/30ไทยเพื่อความยั่งยืนแบบพิเศษ ชนิดเงินลงทุนเดิมปี2568และไม่จ่ายเงินปันผล,กองทุนรวมแบบผสมสมดุล (Moderate),Moderate Allocation,3,11.4918,2026-10-02,14.20309,12.42443,,,,2.68,1.61,5.35,1.84,3.0,0.0,2.0,0.0,https://secdocumentstorage.blob.core.windows.net/fundfactsheet/M0461_2568.pdf
ThaiESGX,UOBAM,UMIX-TESGX-D68,กองทุนเปิด ยูไนเต็ด มิกซ์70/30ไทยเพื่อความยั่งยืนแบบพิเศษ ชนิดเงินลงทุนใหม่ปี2568และจ่ายเงินปันผล,กองทุนรวมแบบผสมสมดุล (Moderate),Moderate Allocation,3,11.4918,2026-10-02,14.20195,12.42333,,,,2.68,1.61,5.35,1.84,3.0,0.0,2.0,0.0,https://secdocumentstorage.blob.core.windows.net/fundfactsheet/M0461_2568.pdf
ThaiESGX,UOBAM,UMIX-TESGX-N68,กองทุนเปิด ยูไนเต็ด มิกซ์70/30ไทยเพื่อความยั่งยืนแบบพิเศษ ชนิดเงินลงทุนใหม่ปี2568และไม่จ่ายเงินปันผล,กองทุนรวมแบบผสมสมดุล (Moderate),Moderate Allocation,3,11.4918,2026-10-02,14.20195,12.42333,,,,2.68,1.61,5.35,1.84,3.0,0.0,2.0,0.0,https://secdocumentstorage.blob.core.windows.net/fundfactsheet/M0461_2568.pdf
ThaiESGX,PHILLIP,P-MESGX-SW,กองทุนเปิด ฟิลลิป ผสมไทยเพื่อความยั่งยืนแบบพิเศษ ชนิดเงินลงทุนเดิม,กองทุนรวมแบบผสมเชิงรุก (Aggressive),Aggressive Allocation,4,10.966,2026-10-02,10.55104,10.19334,,,,,,,,,,,,https://secdocumentstorage.blob.core.windows.net/fundfactsheet/M0465_2568.pdf
ThaiESGX,PHILLIP,P-MESGX-N,กองทุนเปิด ฟิลลิป ผสมไทยเพื่อความยั่งยืนแบบพิเศษ ชนิดเงินลงทุนใหม่,กองทุนรวมแบบผสมเชิงรุก (Aggressive),Aggressive Allocation,4,10.8666,2026-10-02,10.18657,9.8302,,,,2.14,1.604,3.959,2.125,1.07,0.0,1.07,0.0,https://secdocumentstorage.blob.core.windows.net/fundfactsheet/M0465_2568.pdf
ThaiESGX,TISCOAM,TThaiESGX-A,กองทุนเปิด ทิสโก้ หุ้นไทยเพื่อความยั่งยืนแบบพิเศษ ชนิดเงินลงทุนใหม่,หุ้นไทยทั่วไป,Equity General,4,13.6808,2026-10-02,,,,,,3.0,1.61,5.0,1.86,2.5,0.0,2.5,0.0,https://secdocumentstorage.blob.core.windows.net/fundfactsheet/M0439_2568.pdf
ThaiESGX,TISCOAM,TThai70ESGX-A,กองทุนเปิด ทิสโก้ หุ้น 70 ไทยเพื่อความยั่งยืนแบบพิเศษ ชนิดเงินลงทุนใหม่,กองทุนรวมแบบผสมเชิงรุก (Aggressive),Aggressive Allocation,4,12.4002,2026-10-02,,,,,,3.0,1.28,5.0,1.49,2.5,0.0,2.5,0.0,https://secdocumentstorage.blob.core.windows.net/fundfactsheet/M0446_2568.pdf
ThaiESGX,ASP,ASP-MIX ThaiESGX-T,กองทุนเปิด แอสเซทพลัส ผสมไทยเพื่อความยั่งยืนแบบพิเศษ ชนิดเงินลงทุนใหม่,กองทุนรวมแบบผสมเชิงรุก (Aggressive),Aggressive Allocation,4,12.928,2026-10-02,,,,,,1.61,1.61,4.1,2.71,,,,,https://secdocumentstorage.blob.core.windows.net/fundfactsheet/M0442_2568.pdf
ThaiESGX,ASP,ASP-DEQ ThaiESGX-T,กองทุนเปิด แอสเซทพลัส ปันผล หุ้นไทยเพื่อความยั่งยืนแบบพิเศษ ชนิดเงินลงทุนใหม่,หุ้นไทยทั่วไป,Equity General,4,13.1479,2026-10-02,,,,,,1.61,1.61,4.1,2.84,,,,,https://secdocumentstorage.blob.core.windows.net/fundfactsheet/M0437_2568.pdf
ThaiESGX,SCBAM,SCBT70X(26D),กองทุนเปิดไทยพาณิชย์ ผสม 70 ไทยเพื่อความยั่งยืนแบบพิเศษ ชนิดจ่ายเงินปันผล 2026,กองทุนรวมแบบผสมเชิงรุก (Aggressive),Aggressive Allocation,4,11.8095,2026-10-02,,,,,,2.14,1.61,4.5,1.69,3.21,0.0,3.21,0.0,https://secdocumentstorage.blob.core.windows.net/fundfactsheet/M0443_2568.pdf
ThaiESGX,SCBAM,SCBT70X(26A),กองทุนเปิดไทยพาณิชย์ ผสม 70 ไทยเพื่อความยั่งยืนแบบพิเศษ ชนิดสะสมมูลค่า 2026,กองทุนรวมแบบผสมเชิงรุก (Aggressive),Aggressive Allocation,4,11.9648,2026-10-02,,,,,,2.14,1.61,4.5,1.69,3.21,0.0,3.21,0.0,https://secdocumentstorage.blob.core.windows.net/fundfactsheet/M0443_2568.pdf
ThaiESGX,SCBAM,SCBTAPX(26D),กองทุนเปิดไทยพาณิชย์ หุ้นแอคทีฟ พลัส ไทยเพื่อความยั่งยืนแบบพิเศษ ชนิดจ่ายเงินปันผล 2026,หุ้นไทยทั่วไป,Equity General,4,13.1781,2026-10-02,,,,,,2.14,1.87,4.5,1.97,3.21,0.0,3.21,0.0,https://secdocumentstorage.blob.core.windows.net/fundfactsheet/M0445_2568.pdf
ThaiESGX,SCBAM,SCBTAPX(26A),กองทุนเปิดไทยพาณิชย์ หุ้นแอคทีฟ พลัส ไทยเพื่อความยั่งยืนแบบพิเศษ ชนิดสะสมมูลค่า 2026,หุ้นไทยทั่วไป,Equity General,4,13.5021,2026-10-02,,,,,,2.14,1.87,4.5,1.97,3.21,0.0,3.21,0.0,https://secdocumentstorage.blob.core.windows.net/fundfactsheet/M0445_2568.pdf
ThaiESGX,SCBAM,SCBTAX(26D),กองทุนเปิดไทยพาณิชย์ หุ้นแอคทีฟ ไทยเพื่อความยั่งยืนแบบพิเศษ ชนิดจ่ายเงินปันผล 2026,กองทุนรวมแบบผสมเชิงรุก (Aggressive),Aggressive Allocation,4,13.184,2026-10-02,,,,,,2.14,1.87,4.5,1.96,3.21,0.0,3.21,0.0,https://secdocumentstorage.blob.core.windows.net/fundfactsheet/M0452_2568.pdf
ThaiESGX,SCBAM,SCBTAX(26A),กองทุนเปิดไทยพาณิชย์ หุ้นแอคทีฟ ไทยเพื่อความยั่งยืนแบบพิเศษ ชนิดสะสมมูลค่า 2026,กองทุนรวมแบบผสมเชิงรุก (Aggressive),Aggressive Allocation,4,13.4084,2026-10-02,,,,,,2.14,1.87,4.5,1.96,3.21,0.0,3.21,0.0,https://secdocumentstorage.blob.core.windows.net/fundfactsheet/M0452_2568.pdf
ThaiESGX,SCBAM,SCBTS100X(26D),กองทุนเปิดไทยพาณิชย์ ดัชนี SET100FF ไทยเพื่อความยั่งยืนแบบพิเศษ ชนิดจ่ายเงินปันผล 2026,หุ้นไทยทั่วไป,Equity General,4,13.74,2026-10-02,,,,,,2.14,0.5,4.5,0.66,3.21,0.0,3.21,0.0,https://secdocumentstorage.blob.core.windows.net/fundfactsheet/M0450_2568.pdf
ThaiESGX,SCBAM,SCBTS100X(26A),กองทุนเปิดไทยพาณิชย์ ดัชนี SET100FF ไทยเพื่อความยั่งยืนแบบพิเศษ ชนิดสะสมมูลค่า 2026,หุ้นไทยทั่วไป,Equity General,4,13.9055,2026-10-02,,,,,,2.14,0.5,4.5,0.66,3.21,0.0,3.21,0.0,https://secdocumentstorage.blob.core.windows.net/fundfactsheet/M0450_2568.pdf
ThaiESGX,KKPAM,KKP BL THAI ESGX,กองทุนเปิดเคเคพี บาลานซ์ไทยเพื่อความยั่งยืนแบบพิเศษ หน่วยลงทุนชนิดเงินลงทุนใหม่,กองทุนรวมแบบผสมเชิงรุก (Aggressive),Aggressive Allocation,4,12.3556,2026-10-02,,,,,,2.68,1.07,4.82,1.2,2.0,0.0,2.0,0.0,https://secdocumentstorage.blob.core.windows.net/fundfactsheet/M0466_2568.pdf
ThaiESGX,KSAM,KFAEQ-THAIESGX-69,กองทุนเปิดกรุงศรีหุ้นแอคทีฟไทยเพื่อความยั่งยืนแบบพิเศษ หน่วยลงทุนชนิดเงินลงทุนเริ่มปี 2569,หุ้นไทยทั่วไป,Equity General,4,12.3522,2026-10-02,,,,,,2.14,1.87,4.65,2.06,2.0,0.0,2.0,0.0,https://secdocumentstorage.blob.core.windows.net/fundfactsheet/M0456_2568.pdf
ThaiESGX,KSAM,KF70-THAIESGX-69,กองทุนเปิดกรุงศรี 70/30 ไทยเพื่อความยั่งยืนแบบพิเศษ หน่วยลงทุนชนิดเงินลงทุนเริ่มปี 2569,กองทุนรวมแบบผสมเชิงรุก (Aggressive),Aggressive Allocation,4,11.6981,2026-10-02,,,,,,2.14,1.6,4.65,1.8,2.0,0.0,2.0,0.0,https://secdocumentstorage.blob.core.windows.net/fundfactsheet/M0451_2568.pdf
ThaiESGX,KSAM,KFS50-THAIESGX-69,กองทุนเปิดกรุงศรี SET50 ไทยเพื่อความยั่งยืนแบบพิเศษ หน่วยลงทุนชนิดเงินลงทุนเริ่มปี 2569,ดัชนีหุ้น SET 50,SET 50 Index Fund,4,13.6693,2026-10-02,,,,,,2.14,0.54,4.65,0.79,2.0,0.0,2.0,0.0,https://secdocumentstorage.blob.core.windows.net/fundfactsheet/M0457_2568.pdf
ThaiESGX,FPAM,FP ThaiESGX-N2026,กองทุนเปิด เฟิร์ส พลัส ไทยเพื่อความยั่งยืนแบบพิเศษ ชนิดเงินลงทุนใหม่ ตั้งแต่ปี 2569,หุ้นไทยขนาดใหญ่,Equity Large Cap,4,12.8911,2026-10-02,,,,,,2.14,1.6,3.96,1.7,2.0,0.0,2.0,0.0,https://secdocumentstorage.blob.core.windows.net/fundfactsheet/M0416_2568.pdf
ThaiESGX,TALISAM,MEGATX8020C-T,กองทุนเปิด MEGA 20 ไทยเพื่อความยั่งยืนแบบพิเศษ 80-20 C ชนิดเงินลงทุนใหม่ตั้งแต่ปี 2569,หุ้นไทยทั่วไป,Equity General,4,11.571,2026-10-02,,,,,,1.61,1.61,2.94,1.8,1.0,0.0,1.0,0.0,https://secdocumentstorage.blob.core.windows.net/fundfactsheet/M0473_2568.pdf
ThaiESGX,TALISAM,MEGATX8020U-T,กองทุนเปิด MEGA 20 ไทยเพื่อความยั่งยืนแบบพิเศษ 80-20 U ชนิดเงินลงทุนใหม่ตั้งแต่ปี 2569,หุ้นไทยทั่วไป,Equity General,4,12.2342,2026-10-01,,,,,,1.61,1.61,2.94,1.9,1.0,0.0,1.0,0.0,https://secdocumentstorage.blob.core.windows.net/fundfactsheet/M0408_2568.pdf
ThaiESGX,MFC,MIX-ESGX,กองทุนเปิดเอ็มเอฟซีผสมไทยเพื่อความยั่งยืนแบบพิเศษ ชนิดเงินลงทุนใหม่หลังปี 2568,กองทุนรวมแบบผสมเชิงรุก (Aggressive),Aggressive Allocation,4,11.6108,2026-10-02,,,,,,2.14,1.6,4.89,1.74,2.0,0.0,2.0,0.5,https://secdocumentstorage.blob.core.windows.net/fundfactsheet/M0447_2568.pdf
ThaiESGX,MFC,MIF-ESGX,กองทุนเปิดเอ็มเอฟซี FTSE ชะรีอะฮ์ อินเวสเมนท์ไทยเพื่อความยั่งยืนแบบพิเศษชนิดเงินลงทุนใหม่หลังปี 2568,หุ้นไทยทั่วไป,Equity General,4,14.9304,2026-10-02,,,,,,2.14,1.6,4.89,2.02,2.0,0.0,2.0,0.5,https://secdocumentstorage.blob.core.windows.net/fundfactsheet/M0444_2568.pdf
ThaiESGX,MFC,HIDIV-ESGX,กองทุนเปิดเอ็มเอฟซี ไฮ-ดิวิเดนด์ ไทยเพื่อความยั่งยืนแบบพิเศษ ชนิดเงินลงทุนใหม่หลังปี 2568,หุ้นไทยทั่วไป,Equity General,4,14.5024,2026-10-02,,,,,,2.14,1.6,4.89,1.75,2.0,0.0,2.0,0.5,https://secdocumentstorage.blob.core.windows.net/fundfactsheet/M0449_2568.pdf
ThaiESGX,MFC,MEQUITY-ESGX,กองทุนเปิดเอ็มเอฟซีตราสารทุนไทยเพื่อความยั่งยืนแบบพิเศษ ชนิดเงินลงทุนใหม่หลังปี 2568,หุ้นไทยทั่วไป,Equity General,4,13.5766,2026-10-02,,,,,,2.14,1.6,4.89,1.9,2.0,0.0,2.0,0.5,https://secdocumentstorage.blob.core.windows.net/fundfactsheet/M0448_2568.pdf
ThaiESGX,EASTSPRING,ES-DIV70THAIESGX-A,กองทุนเปิดอีสท์สปริง หุ้นปันผล 70 ไทยเพื่อความยั่งยืนแบบพิเศษ ชนิดสะสมมูลค่า,หุ้นไทยขนาดใหญ่,Equity Large Cap,4,11.6943,2026-10-02,,,,,,1.6,1.33,2.4,1.48,1.0,0.0,1.0,0.0,https://secdocumentstorage.blob.core.windows.net/fundfactsheet/M0413_2568.pdf
ThaiESGX,EASTSPRING,ES-DIVTHAIESGX-A,กองทุนเปิดอีสท์สปริง หุ้นปันผล ไทยเพื่อความยั่งยืนแบบพิเศษ ชนิดสะสมมูลค่า,หุ้นไทยขนาดใหญ่,Equity Large Cap,4,12.6694,2026-10-02,,,,,,1.6,1.6,2.4,1.76,1.0,0.0,1.0,0.0,https://secdocumentstorage.blob.core.windows.net/fundfactsheet/M0419_2568.pdf
ThaiESGX,EASTSPRING,ES-DIV70THAIESGX-D,กองทุนเปิดอีสท์สปริง หุ้นปันผล 70 ไทยเพื่อความยั่งยืนแบบพิเศษ ชนิดจ่ายเงินปันผล,หุ้นไทยขนาดใหญ่,Equity Large Cap,4,10.7704,2026-10-02,,,,,,1.6,1.33,2.4,1.48,1.0,0.0,1.0,0.0,https://secdocumentstorage.blob.core.windows.net/fundfactsheet/M0413_2568.pdf
ThaiESGX,EASTSPRING,ES-DIVTHAIESGX-D,กองทุนเปิดอีสท์สปริง หุ้นปันผล ไทยเพื่อความยั่งยืนแบบพิเศษ ชนิดจ่ายเงินปันผล,หุ้นไทยขนาดใหญ่,Equity Large Cap,4,11.5569,2026-10-02,,,,,,1.6,1.6,2.4,1.76,1.0,0.0,1.0,0.0,https://secdocumentstorage.blob.core.windows.net/fundfactsheet/M0419_2568.pdf
ThaiESGX,PRINCIPAL,PRINCIPAL SEQTESGX-T,กองทุนเปิดพรินซิเพิล ซีเล็คต์ หุ้นปันผลไทยเพื่อความยั่งยืนแบบพิเศษ-T,หุ้นไทยทั่วไป,Equity General,4,13.6483,2026-10-02,,,,,,2.14,0.282,6.22,0.34,2.14,0.0,1.07,0.0,https://secdocumentstorage.blob.core.windows.net/fundfactsheet/M0459_2568.pdf
ThaiESGX,UOBAM,UEQ-TESGX-D,กองทุนเปิด ยูไนเต็ด หุ้นไทยเพื่อความยั่งยืนแบบพิเศษ ชนิดปี2569เป็นต้นไปและจ่ายเงินปันผล,หุ้นไทยทั่วไป,Equity General,4,12.6622,2026-10-02,,,,,,2.68,1.61,5.35,1.84,3.0,0.0,2.0,0.0,https://secdocumentstorage.blob.core.windows.net/fundfactsheet/M0454_2568.pdf
ThaiESGX,UOBAM,UEQ-TESGX-N,กองทุนเปิด ยูไนเต็ด หุ้นไทยเพื่อความยั่งยืนแบบพิเศษ ชนิดปี2569เป็นต้นไปและไม่จ่ายเงินปันผล,หุ้นไทยทั่วไป,Equity General,4,12.6618,2026-10-02,,,,,,2.68,1.61,5.35,1.84,3.0,0.0,2.0,0.0,https://secdocumentstorage.blob.core.windows.net/fundfactsheet/M0454_2568.pdf
ThaiESGX,UOBAM,UMIX-TESGX-D,กองทุนเปิด ยูไนเต็ด มิกซ์70/30ไทยเพื่อความยั่งยืนแบบพิเศษ ชนิดปี2569เป็นต้นไปและจ่ายเงินปันผล,กองทุนรวมแบบผสมสมดุล (Moderate),Moderate Allocation,3,11.492,2026-10-02,,,,,,2.68,1.61,5.35,1.84,3.0,0.0,2.0,0.0,https://secdocumentstorage.blob.core.windows.net/fundfactsheet/M0461_2568.pdf
ThaiESGX,UOBAM,UMIX-TESGX-N,กองทุนเปิด ยูไนเต็ด มิกซ์70/30ไทยเพื่อความยั่งยืนแบบพิเศษ ชนิดปี2569เป็นต้นไปและไม่จ่ายเงินปันผล,กองทุนรวมแบบผสมสมดุล (Moderate),Moderate Allocation,3,11.4919,2026-10-02,,,,,,2.68,1.61,5.35,1.84,3.0,0.0,2.0,0.0,https://secdocumentstorage.blob.core.windows.net/fundfactsheet/M0461_2568.pdf
ThaiESGX,BBLAM,ESGXBEQD-68,กองทุนรวมบัวหลวงหุ้นไทยเพื่อความยั่งยืนแบบพิเศษ,หุ้นไทยทั่วไป,Equity General,4,,,,,,,,,,,,,,,,
ThaiESGX,BBLAM,ESGXBM70-68,กองทุนรวมบัวหลวงผสม 70/30 ไทยเพื่อความยั่งยืนแบบพิเศษ,กองทุนรวมแบบผสมเชิงรุก (Aggressive),Aggressive Allocation,4,,,,,,,,,,,,,,,,
ThaiESGX,BBLAM,ESGXBMDIV-68,กองทุนรวมบัวหลวงผสมปันผลไทยเพื่อความยั่งยืนแบบพิเศษ,กองทุนรวมแบบผสมสมดุล (Moderate),Moderate Allocation,3,,,,,,,,,,,,,,,,https://secdocumentstorage.blob.core.windows.net/fundfactsheet/M0436_2568.pdf
ThaiESGX,BCAP,BCAPSETESGX-68,กองทุนเปิด บีแคป เซ็ท ไทยเพื่อความยั่งยืนแบบพิเศษ,หุ้นไทยทั่วไป,Equity General,4,,,,,,,,,,,,,,,,https://www.bcap.co.th/uploads/mutual-fund/TH_20260331_BCAPSETTHAIESGX.pdf
